%
(Header)
(Generated by gcodetools from Inkscape.)
(Using default header. To add your own header create file "header" in the output dir.)
M3
(Header end.)
G21 (All units in mm)
G90 (Absolute positioning)
G28
(Start cutting path id: 1)
(Change tool to Default tool)
G00 Z32.000000
G00 X116.124023 Y40.372070
G01 Z24.000000 F400.0(Penetrate)
G01 X118.232422 Y40.372070 Z24.000000 F400.000000
G01 X118.604492 Y40.496094 Z24.000000 F400.000000
G01 X118.728516 Y40.744141 Z24.000000 F400.000000
G01 X118.728516 Y40.992188 Z24.000000 F400.000000
G00 Z32.000000
G00 Z32.000000
G00 X116.992188 Y40.000000
G01 Z24.000000 F400.0(Penetrate)
G01 X116.992188 Y40.868164 Z24.000000 F400.000000
G00 Z32.000000
G00 Z32.000000
G00 X116.992188 Y42.232422
G01 Z24.000000 F400.0(Penetrate)
G01 X117.116211 Y41.984375 Z24.000000 F400.000000
G01 X117.364258 Y41.736328 Z24.000000 F400.000000
G01 X117.736328 Y41.612305 Z24.000000 F400.000000
G01 X117.984375 Y41.612305 Z24.000000 F400.000000
G01 X118.356445 Y41.736328 Z24.000000 F400.000000
G01 X118.604492 Y41.984375 Z24.000000 F400.000000
G01 X118.728516 Y42.232422 Z24.000000 F400.000000
G01 X118.728516 Y42.604492 Z24.000000 F400.000000
G01 X118.604492 Y42.852539 Z24.000000 F400.000000
G01 X118.356445 Y43.100586 Z24.000000 F400.000000
G01 X117.984375 Y43.224609 Z24.000000 F400.000000
G01 X117.736328 Y43.224609 Z24.000000 F400.000000
G01 X117.364258 Y43.100586 Z24.000000 F400.000000
G01 X117.116211 Y42.852539 Z24.000000 F400.000000
G01 X116.992188 Y42.604492 Z24.000000 F400.000000
G01 X116.992188 Y42.232422 Z24.000000 F400.000000
G00 Z32.000000
G00 Z32.000000
G00 X116.992188 Y46.077148
G01 Z24.000000 F400.0(Penetrate)
G01 X118.728516 Y46.077148 Z24.000000 F400.000000
G00 Z32.000000
G00 Z32.000000
G00 X117.488281 Y46.077148
G01 Z24.000000 F400.0(Penetrate)
G01 X117.116211 Y46.449219 Z24.000000 F400.000000
G01 X116.992188 Y46.697266 Z24.000000 F400.000000
G01 X116.992188 Y47.069336 Z24.000000 F400.000000
G01 X117.116211 Y47.317383 Z24.000000 F400.000000
G01 X117.488281 Y47.441406 Z24.000000 F400.000000
G01 X118.728516 Y47.441406 Z24.000000 F400.000000
G00 Z32.000000
G00 Z32.000000
G00 X117.488281 Y47.441406
G01 Z24.000000 F400.0(Penetrate)
G01 X117.116211 Y47.813477 Z24.000000 F400.000000
G01 X116.992188 Y48.061523 Z24.000000 F400.000000
G01 X116.992188 Y48.433594 Z24.000000 F400.000000
G01 X117.116211 Y48.681641 Z24.000000 F400.000000
G01 X117.488281 Y48.805664 Z24.000000 F400.000000
G01 X118.728516 Y48.805664 Z24.000000 F400.000000
G00 Z32.000000
G00 Z32.000000
G00 X116.992188 Y50.293945
G01 Z24.000000 F400.0(Penetrate)
G01 X117.116211 Y50.045898 Z24.000000 F400.000000
G01 X117.364258 Y49.797852 Z24.000000 F400.000000
G01 X117.736328 Y49.673828 Z24.000000 F400.000000
G01 X117.984375 Y49.673828 Z24.000000 F400.000000
G01 X118.356445 Y49.797852 Z24.000000 F400.000000
G01 X118.604492 Y50.045898 Z24.000000 F400.000000
G01 X118.728516 Y50.293945 Z24.000000 F400.000000
G01 X118.728516 Y50.666016 Z24.000000 F400.000000
G01 X118.604492 Y50.914062 Z24.000000 F400.000000
G01 X118.356445 Y51.162109 Z24.000000 F400.000000
G01 X117.984375 Y51.286133 Z24.000000 F400.000000
G01 X117.736328 Y51.286133 Z24.000000 F400.000000
G01 X117.364258 Y51.162109 Z24.000000 F400.000000
G01 X117.116211 Y50.914062 Z24.000000 F400.000000
G01 X116.992188 Y50.666016 Z24.000000 F400.000000
G01 X116.992188 Y50.293945 Z24.000000 F400.000000
G00 Z32.000000
G00 Z32.000000
G00 X116.992188 Y52.154297
G01 Z24.000000 F400.0(Penetrate)
G01 X118.728516 Y52.154297 Z24.000000 F400.000000
G00 Z32.000000
G00 Z32.000000
G00 X117.488281 Y52.154297
G01 Z24.000000 F400.0(Penetrate)
G01 X117.116211 Y52.526367 Z24.000000 F400.000000
G01 X116.992188 Y52.774414 Z24.000000 F400.000000
G01 X116.992188 Y53.146484 Z24.000000 F400.000000
G01 X117.116211 Y53.394531 Z24.000000 F400.000000
G01 X117.488281 Y53.518555 Z24.000000 F400.000000
G01 X118.728516 Y53.518555 Z24.000000 F400.000000
G00 Z32.000000
G00 Z32.000000
G00 X117.488281 Y53.518555
G01 Z24.000000 F400.0(Penetrate)
G01 X117.116211 Y53.890625 Z24.000000 F400.000000
G01 X116.992188 Y54.138672 Z24.000000 F400.000000
G01 X116.992188 Y54.510742 Z24.000000 F400.000000
G01 X117.116211 Y54.758789 Z24.000000 F400.000000
G01 X117.488281 Y54.882812 Z24.000000 F400.000000
G01 X118.728516 Y54.882812 Z24.000000 F400.000000
G00 Z32.000000
G00 Z32.000000
G00 X116.992188 Y56.371094
G01 Z24.000000 F400.0(Penetrate)
G01 X117.116211 Y56.123047 Z24.000000 F400.000000
G01 X117.364258 Y55.875000 Z24.000000 F400.000000
G01 X117.736328 Y55.750977 Z24.000000 F400.000000
G01 X117.984375 Y55.750977 Z24.000000 F400.000000
G01 X118.356445 Y55.875000 Z24.000000 F400.000000
G01 X118.604492 Y56.123047 Z24.000000 F400.000000
G01 X118.728516 Y56.371094 Z24.000000 F400.000000
G01 X118.728516 Y56.743164 Z24.000000 F400.000000
G01 X118.604492 Y56.991211 Z24.000000 F400.000000
G01 X118.356445 Y57.239258 Z24.000000 F400.000000
G01 X117.984375 Y57.363281 Z24.000000 F400.000000
G01 X117.736328 Y57.363281 Z24.000000 F400.000000
G01 X117.364258 Y57.239258 Z24.000000 F400.000000
G01 X117.116211 Y56.991211 Z24.000000 F400.000000
G01 X116.992188 Y56.743164 Z24.000000 F400.000000
G01 X116.992188 Y56.371094 Z24.000000 F400.000000
G00 Z32.000000
G00 Z32.000000
G00 X116.124023 Y60.959961
G01 Z24.000000 F400.0(Penetrate)
G01 X116.124023 Y60.711914 Z24.000000 F400.000000
G01 X116.248047 Y60.463867 Z24.000000 F400.000000
G01 X116.620117 Y60.339844 Z24.000000 F400.000000
G01 X118.728516 Y60.339844 Z24.000000 F400.000000
G00 Z32.000000
G00 Z32.000000
G00 X116.992188 Y59.967773
G01 Z24.000000 F400.0(Penetrate)
G01 X116.992188 Y60.835938 Z24.000000 F400.000000
G00 Z32.000000
G00 Z32.000000
G00 X116.992188 Y62.200195
G01 Z24.000000 F400.0(Penetrate)
G01 X117.116211 Y61.952148 Z24.000000 F400.000000
G01 X117.364258 Y61.704102 Z24.000000 F400.000000
G01 X117.736328 Y61.580078 Z24.000000 F400.000000
G01 X117.984375 Y61.580078 Z24.000000 F400.000000
G01 X118.356445 Y61.704102 Z24.000000 F400.000000
G01 X118.604492 Y61.952148 Z24.000000 F400.000000
G01 X118.728516 Y62.200195 Z24.000000 F400.000000
G01 X118.728516 Y62.572266 Z24.000000 F400.000000
G01 X118.604492 Y62.820312 Z24.000000 F400.000000
G01 X118.356445 Y63.068359 Z24.000000 F400.000000
G01 X117.984375 Y63.192383 Z24.000000 F400.000000
G01 X117.736328 Y63.192383 Z24.000000 F400.000000
G01 X117.364258 Y63.068359 Z24.000000 F400.000000
G01 X117.116211 Y62.820312 Z24.000000 F400.000000
G01 X116.992188 Y62.572266 Z24.000000 F400.000000
G01 X116.992188 Y62.200195 Z24.000000 F400.000000
G00 Z32.000000
G00 Z32.000000
G00 X116.992188 Y64.060547
G01 Z24.000000 F400.0(Penetrate)
G01 X118.728516 Y64.060547 Z24.000000 F400.000000
G00 Z32.000000
G00 Z32.000000
G00 X117.736328 Y64.060547
G01 Z24.000000 F400.0(Penetrate)
G01 X117.364258 Y64.184570 Z24.000000 F400.000000
G01 X117.116211 Y64.432617 Z24.000000 F400.000000
G01 X116.992188 Y64.680664 Z24.000000 F400.000000
G01 X116.992188 Y65.052734 Z24.000000 F400.000000
G00 Z32.000000
G00 Z32.000000
G00 X116.992188 Y69.021484
G01 Z24.000000 F400.0(Penetrate)
G01 X118.976562 Y69.021484 Z24.000000 F400.000000
G01 X119.348633 Y68.897461 Z24.000000 F400.000000
G01 X119.472656 Y68.773438 Z24.000000 F400.000000
G01 X119.596680 Y68.525391 Z24.000000 F400.000000
G01 X119.596680 Y68.153320 Z24.000000 F400.000000
G01 X119.472656 Y67.905273 Z24.000000 F400.000000
G00 Z32.000000
G00 Z32.000000
G00 X117.364258 Y69.021484
G01 Z24.000000 F400.0(Penetrate)
G01 X117.116211 Y68.773438 Z24.000000 F400.000000
G01 X116.992188 Y68.525391 Z24.000000 F400.000000
G01 X116.992188 Y68.153320 Z24.000000 F400.000000
G01 X117.116211 Y67.905273 Z24.000000 F400.000000
G01 X117.364258 Y67.657227 Z24.000000 F400.000000
G01 X117.736328 Y67.533203 Z24.000000 F400.000000
G01 X117.984375 Y67.533203 Z24.000000 F400.000000
G01 X118.356445 Y67.657227 Z24.000000 F400.000000
G01 X118.604492 Y67.905273 Z24.000000 F400.000000
G01 X118.728516 Y68.153320 Z24.000000 F400.000000
G01 X118.728516 Y68.525391 Z24.000000 F400.000000
G01 X118.604492 Y68.773438 Z24.000000 F400.000000
G01 X118.356445 Y69.021484 Z24.000000 F400.000000
G00 Z32.000000
G00 Z32.000000
G00 X116.992188 Y70.013672
G01 Z24.000000 F400.0(Penetrate)
G01 X118.728516 Y70.013672 Z24.000000 F400.000000
G00 Z32.000000
G00 Z32.000000
G00 X117.736328 Y70.013672
G01 Z24.000000 F400.0(Penetrate)
G01 X117.364258 Y70.137695 Z24.000000 F400.000000
G01 X117.116211 Y70.385742 Z24.000000 F400.000000
G01 X116.992188 Y70.633789 Z24.000000 F400.000000
G01 X116.992188 Y71.005859 Z24.000000 F400.000000
G00 Z32.000000
G00 Z32.000000
G00 X116.992188 Y72.122070
G01 Z24.000000 F400.0(Penetrate)
G01 X117.116211 Y71.874023 Z24.000000 F400.000000
G01 X117.364258 Y71.625977 Z24.000000 F400.000000
G01 X117.736328 Y71.501953 Z24.000000 F400.000000
G01 X117.984375 Y71.501953 Z24.000000 F400.000000
G01 X118.356445 Y71.625977 Z24.000000 F400.000000
G01 X118.604492 Y71.874023 Z24.000000 F400.000000
G01 X118.728516 Y72.122070 Z24.000000 F400.000000
G01 X118.728516 Y72.494141 Z24.000000 F400.000000
G01 X118.604492 Y72.742188 Z24.000000 F400.000000
G01 X118.356445 Y72.990234 Z24.000000 F400.000000
G01 X117.984375 Y73.114258 Z24.000000 F400.000000
G01 X117.736328 Y73.114258 Z24.000000 F400.000000
G01 X117.364258 Y72.990234 Z24.000000 F400.000000
G01 X117.116211 Y72.742188 Z24.000000 F400.000000
G01 X116.992188 Y72.494141 Z24.000000 F400.000000
G01 X116.992188 Y72.122070 Z24.000000 F400.000000
G00 Z32.000000
G00 Z32.000000
G00 X116.992188 Y73.858398
G01 Z24.000000 F400.0(Penetrate)
G01 X118.728516 Y74.354492 Z24.000000 F400.000000
G00 Z32.000000
G00 Z32.000000
G00 X116.992188 Y74.850586
G01 Z24.000000 F400.0(Penetrate)
G01 X118.728516 Y74.354492 Z24.000000 F400.000000
G00 Z32.000000
G00 Z32.000000
G00 X116.992188 Y74.850586
G01 Z24.000000 F400.0(Penetrate)
G01 X118.728516 Y75.346680 Z24.000000 F400.000000
G00 Z32.000000
G00 Z32.000000
G00 X116.992188 Y75.842773
G01 Z24.000000 F400.0(Penetrate)
G01 X118.728516 Y75.346680 Z24.000000 F400.000000
G00 Z32.000000
G00 Z32.000000
G00 X116.124023 Y76.834961
G01 Z24.000000 F400.0(Penetrate)
G01 X118.232422 Y76.834961 Z24.000000 F400.000000
G01 X118.604492 Y76.958984 Z24.000000 F400.000000
G01 X118.728516 Y77.207031 Z24.000000 F400.000000
G01 X118.728516 Y77.455078 Z24.000000 F400.000000
G00 Z32.000000
G00 Z32.000000
G00 X116.992188 Y76.462891
G01 Z24.000000 F400.0(Penetrate)
G01 X116.992188 Y77.331055 Z24.000000 F400.000000
G00 Z32.000000
G00 Z32.000000
G00 X116.124023 Y78.199219
G01 Z24.000000 F400.0(Penetrate)
G01 X118.728516 Y78.199219 Z24.000000 F400.000000
G00 Z32.000000
G00 Z32.000000
G00 X117.488281 Y78.199219
G01 Z24.000000 F400.0(Penetrate)
G01 X117.116211 Y78.571289 Z24.000000 F400.000000
G01 X116.992188 Y78.819336 Z24.000000 F400.000000
G01 X116.992188 Y79.191406 Z24.000000 F400.000000
G01 X117.116211 Y79.439453 Z24.000000 F400.000000
G01 X117.488281 Y79.563477 Z24.000000 F400.000000
G01 X118.728516 Y79.563477 Z24.000000 F400.000000
G00 Z32.000000
G00 Z32.000000
G00 X116.124023 Y82.540039
G01 Z24.000000 F400.0(Penetrate)
G01 X118.728516 Y82.540039 Z24.000000 F400.000000
G00 Z32.000000
G00 Z32.000000
G00 X117.364258 Y86.880859
G01 Z24.000000 F400.0(Penetrate)
G01 X117.116211 Y86.632812 Z24.000000 F400.000000
G01 X116.992188 Y86.384766 Z24.000000 F400.000000
G01 X116.992188 Y86.012695 Z24.000000 F400.000000
G01 X117.116211 Y85.764648 Z24.000000 F400.000000
G01 X117.364258 Y85.516602 Z24.000000 F400.000000
G01 X117.736328 Y85.392578 Z24.000000 F400.000000
G01 X117.984375 Y85.392578 Z24.000000 F400.000000
G01 X118.356445 Y85.516602 Z24.000000 F400.000000
G01 X118.604492 Y85.764648 Z24.000000 F400.000000
G01 X118.728516 Y86.012695 Z24.000000 F400.000000
G01 X118.728516 Y86.384766 Z24.000000 F400.000000
G01 X118.604492 Y86.632812 Z24.000000 F400.000000
G01 X118.356445 Y86.880859 Z24.000000 F400.000000
G00 Z32.000000
G00 Z32.000000
G00 X116.992188 Y89.113281
G01 Z24.000000 F400.0(Penetrate)
G01 X118.728516 Y89.113281 Z24.000000 F400.000000
G00 Z32.000000
G00 Z32.000000
G00 X117.364258 Y89.113281
G01 Z24.000000 F400.0(Penetrate)
G01 X117.116211 Y88.865234 Z24.000000 F400.000000
G01 X116.992188 Y88.617188 Z24.000000 F400.000000
G01 X116.992188 Y88.245117 Z24.000000 F400.000000
G01 X117.116211 Y87.997070 Z24.000000 F400.000000
G01 X117.364258 Y87.749023 Z24.000000 F400.000000
G01 X117.736328 Y87.625000 Z24.000000 F400.000000
G01 X117.984375 Y87.625000 Z24.000000 F400.000000
G01 X118.356445 Y87.749023 Z24.000000 F400.000000
G01 X118.604492 Y87.997070 Z24.000000 F400.000000
G01 X118.728516 Y88.245117 Z24.000000 F400.000000
G01 X118.728516 Y88.617188 Z24.000000 F400.000000
G01 X118.604492 Y88.865234 Z24.000000 F400.000000
G01 X118.356445 Y89.113281 Z24.000000 F400.000000
G00 Z32.000000
G00 Z32.000000
G00 X116.992188 Y90.105469
G01 Z24.000000 F400.0(Penetrate)
G01 X118.728516 Y90.105469 Z24.000000 F400.000000
G00 Z32.000000
G00 Z32.000000
G00 X117.488281 Y90.105469
G01 Z24.000000 F400.0(Penetrate)
G01 X117.116211 Y90.477539 Z24.000000 F400.000000
G01 X116.992188 Y90.725586 Z24.000000 F400.000000
G01 X116.992188 Y91.097656 Z24.000000 F400.000000
G01 X117.116211 Y91.345703 Z24.000000 F400.000000
G01 X117.488281 Y91.469727 Z24.000000 F400.000000
G01 X118.728516 Y91.469727 Z24.000000 F400.000000
G00 Z32.000000
G00 Z32.000000
G00 X116.992188 Y95.810547
G01 Z24.000000 F400.0(Penetrate)
G01 X118.976562 Y95.810547 Z24.000000 F400.000000
G01 X119.348633 Y95.686523 Z24.000000 F400.000000
G01 X119.472656 Y95.562500 Z24.000000 F400.000000
G01 X119.596680 Y95.314453 Z24.000000 F400.000000
G01 X119.596680 Y94.942383 Z24.000000 F400.000000
G01 X119.472656 Y94.694336 Z24.000000 F400.000000
G00 Z32.000000
G00 Z32.000000
G00 X117.364258 Y95.810547
G01 Z24.000000 F400.0(Penetrate)
G01 X117.116211 Y95.562500 Z24.000000 F400.000000
G01 X116.992188 Y95.314453 Z24.000000 F400.000000
G01 X116.992188 Y94.942383 Z24.000000 F400.000000
G01 X117.116211 Y94.694336 Z24.000000 F400.000000
G01 X117.364258 Y94.446289 Z24.000000 F400.000000
G01 X117.736328 Y94.322266 Z24.000000 F400.000000
G01 X117.984375 Y94.322266 Z24.000000 F400.000000
G01 X118.356445 Y94.446289 Z24.000000 F400.000000
G01 X118.604492 Y94.694336 Z24.000000 F400.000000
G01 X118.728516 Y94.942383 Z24.000000 F400.000000
G01 X118.728516 Y95.314453 Z24.000000 F400.000000
G01 X118.604492 Y95.562500 Z24.000000 F400.000000
G01 X118.356445 Y95.810547 Z24.000000 F400.000000
G00 Z32.000000
G00 Z32.000000
G00 X117.736328 Y96.678711
G01 Z24.000000 F400.0(Penetrate)
G01 X117.736328 Y98.166992 Z24.000000 F400.000000
G01 X117.488281 Y98.166992 Z24.000000 F400.000000
G01 X117.240234 Y98.042969 Z24.000000 F400.000000
G01 X117.116211 Y97.918945 Z24.000000 F400.000000
G01 X116.992188 Y97.670898 Z24.000000 F400.000000
G01 X116.992188 Y97.298828 Z24.000000 F400.000000
G01 X117.116211 Y97.050781 Z24.000000 F400.000000
G01 X117.364258 Y96.802734 Z24.000000 F400.000000
G01 X117.736328 Y96.678711 Z24.000000 F400.000000
G01 X117.984375 Y96.678711 Z24.000000 F400.000000
G01 X118.356445 Y96.802734 Z24.000000 F400.000000
G01 X118.604492 Y97.050781 Z24.000000 F400.000000
G01 X118.728516 Y97.298828 Z24.000000 F400.000000
G01 X118.728516 Y97.670898 Z24.000000 F400.000000
G01 X118.604492 Y97.918945 Z24.000000 F400.000000
G01 X118.356445 Y98.166992 Z24.000000 F400.000000
G00 Z32.000000
G00 Z32.000000
G00 X116.124023 Y99.159180
G01 Z24.000000 F400.0(Penetrate)
G01 X118.232422 Y99.159180 Z24.000000 F400.000000
G01 X118.604492 Y99.283203 Z24.000000 F400.000000
G01 X118.728516 Y99.531250 Z24.000000 F400.000000
G01 X118.728516 Y99.779297 Z24.000000 F400.000000
G00 Z32.000000
G00 Z32.000000
G00 X116.992188 Y98.787109
G01 Z24.000000 F400.0(Penetrate)
G01 X116.992188 Y99.655273 Z24.000000 F400.000000
G00 Z32.000000
G00 Z32.000000
G00 X117.364258 Y103.748047
G01 Z24.000000 F400.0(Penetrate)
G01 X117.116211 Y103.624023 Z24.000000 F400.000000
G01 X116.992188 Y103.251953 Z24.000000 F400.000000
G01 X116.992188 Y102.879883 Z24.000000 F400.000000
G01 X117.116211 Y102.507812 Z24.000000 F400.000000
G01 X117.364258 Y102.383789 Z24.000000 F400.000000
G01 X117.612305 Y102.507812 Z24.000000 F400.000000
G01 X117.736328 Y102.755859 Z24.000000 F400.000000
G01 X117.860352 Y103.375977 Z24.000000 F400.000000
G01 X117.984375 Y103.624023 Z24.000000 F400.000000
G01 X118.232422 Y103.748047 Z24.000000 F400.000000
G01 X118.356445 Y103.748047 Z24.000000 F400.000000
G01 X118.604492 Y103.624023 Z24.000000 F400.000000
G01 X118.728516 Y103.251953 Z24.000000 F400.000000
G01 X118.728516 Y102.879883 Z24.000000 F400.000000
G01 X118.604492 Y102.507812 Z24.000000 F400.000000
G01 X118.356445 Y102.383789 Z24.000000 F400.000000
G00 Z32.000000
G00 Z32.000000
G00 X116.992188 Y105.112305
G01 Z24.000000 F400.0(Penetrate)
G01 X117.116211 Y104.864258 Z24.000000 F400.000000
G01 X117.364258 Y104.616211 Z24.000000 F400.000000
G01 X117.736328 Y104.492188 Z24.000000 F400.000000
G01 X117.984375 Y104.492188 Z24.000000 F400.000000
G01 X118.356445 Y104.616211 Z24.000000 F400.000000
G01 X118.604492 Y104.864258 Z24.000000 F400.000000
G01 X118.728516 Y105.112305 Z24.000000 F400.000000
G01 X118.728516 Y105.484375 Z24.000000 F400.000000
G01 X118.604492 Y105.732422 Z24.000000 F400.000000
G01 X118.356445 Y105.980469 Z24.000000 F400.000000
G01 X117.984375 Y106.104492 Z24.000000 F400.000000
G01 X117.736328 Y106.104492 Z24.000000 F400.000000
G01 X117.364258 Y105.980469 Z24.000000 F400.000000
G01 X117.116211 Y105.732422 Z24.000000 F400.000000
G01 X116.992188 Y105.484375 Z24.000000 F400.000000
G01 X116.992188 Y105.112305 Z24.000000 F400.000000
G00 Z32.000000
G00 Z32.000000
G00 X116.992188 Y106.972656
G01 Z24.000000 F400.0(Penetrate)
G01 X118.728516 Y106.972656 Z24.000000 F400.000000
G00 Z32.000000
G00 Z32.000000
G00 X117.488281 Y106.972656
G01 Z24.000000 F400.0(Penetrate)
G01 X117.116211 Y107.344727 Z24.000000 F400.000000
G01 X116.992188 Y107.592773 Z24.000000 F400.000000
G01 X116.992188 Y107.964844 Z24.000000 F400.000000
G01 X117.116211 Y108.212891 Z24.000000 F400.000000
G01 X117.488281 Y108.336914 Z24.000000 F400.000000
G01 X118.728516 Y108.336914 Z24.000000 F400.000000
G00 Z32.000000
G00 Z32.000000
G00 X117.488281 Y108.336914
G01 Z24.000000 F400.0(Penetrate)
G01 X117.116211 Y108.708984 Z24.000000 F400.000000
G01 X116.992188 Y108.957031 Z24.000000 F400.000000
G01 X116.992188 Y109.329102 Z24.000000 F400.000000
G01 X117.116211 Y109.577148 Z24.000000 F400.000000
G01 X117.488281 Y109.701172 Z24.000000 F400.000000
G01 X118.728516 Y109.701172 Z24.000000 F400.000000
G00 Z32.000000
G00 Z32.000000
G00 X117.736328 Y110.569336
G01 Z24.000000 F400.0(Penetrate)
G01 X117.736328 Y112.057617 Z24.000000 F400.000000
G01 X117.488281 Y112.057617 Z24.000000 F400.000000
G01 X117.240234 Y111.933594 Z24.000000 F400.000000
G01 X117.116211 Y111.809570 Z24.000000 F400.000000
G01 X116.992188 Y111.561523 Z24.000000 F400.000000
G01 X116.992188 Y111.189453 Z24.000000 F400.000000
G01 X117.116211 Y110.941406 Z24.000000 F400.000000
G01 X117.364258 Y110.693359 Z24.000000 F400.000000
G01 X117.736328 Y110.569336 Z24.000000 F400.000000
G01 X117.984375 Y110.569336 Z24.000000 F400.000000
G01 X118.356445 Y110.693359 Z24.000000 F400.000000
G01 X118.604492 Y110.941406 Z24.000000 F400.000000
G01 X118.728516 Y111.189453 Z24.000000 F400.000000
G01 X118.728516 Y111.561523 Z24.000000 F400.000000
G01 X118.604492 Y111.809570 Z24.000000 F400.000000
G01 X118.356445 Y112.057617 Z24.000000 F400.000000
G00 Z32.000000
G00 Z32.000000
G00 X116.992188 Y116.274414
G01 Z24.000000 F400.0(Penetrate)
G01 X118.976562 Y116.274414 Z24.000000 F400.000000
G01 X119.348633 Y116.150391 Z24.000000 F400.000000
G01 X119.472656 Y116.026367 Z24.000000 F400.000000
G01 X119.596680 Y115.778320 Z24.000000 F400.000000
G01 X119.596680 Y115.406250 Z24.000000 F400.000000
G01 X119.472656 Y115.158203 Z24.000000 F400.000000
G00 Z32.000000
G00 Z32.000000
G00 X117.364258 Y116.274414
G01 Z24.000000 F400.0(Penetrate)
G01 X117.116211 Y116.026367 Z24.000000 F400.000000
G01 X116.992188 Y115.778320 Z24.000000 F400.000000
G01 X116.992188 Y115.406250 Z24.000000 F400.000000
G01 X117.116211 Y115.158203 Z24.000000 F400.000000
G01 X117.364258 Y114.910156 Z24.000000 F400.000000
G01 X117.736328 Y114.786133 Z24.000000 F400.000000
G01 X117.984375 Y114.786133 Z24.000000 F400.000000
G01 X118.356445 Y114.910156 Z24.000000 F400.000000
G01 X118.604492 Y115.158203 Z24.000000 F400.000000
G01 X118.728516 Y115.406250 Z24.000000 F400.000000
G01 X118.728516 Y115.778320 Z24.000000 F400.000000
G01 X118.604492 Y116.026367 Z24.000000 F400.000000
G01 X118.356445 Y116.274414 Z24.000000 F400.000000
G00 Z32.000000
G00 Z32.000000
G00 X116.992188 Y117.762695
G01 Z24.000000 F400.0(Penetrate)
G01 X117.116211 Y117.514648 Z24.000000 F400.000000
G01 X117.364258 Y117.266602 Z24.000000 F400.000000
G01 X117.736328 Y117.142578 Z24.000000 F400.000000
G01 X117.984375 Y117.142578 Z24.000000 F400.000000
G01 X118.356445 Y117.266602 Z24.000000 F400.000000
G01 X118.604492 Y117.514648 Z24.000000 F400.000000
G01 X118.728516 Y117.762695 Z24.000000 F400.000000
G01 X118.728516 Y118.134766 Z24.000000 F400.000000
G01 X118.604492 Y118.382812 Z24.000000 F400.000000
G01 X118.356445 Y118.630859 Z24.000000 F400.000000
G01 X117.984375 Y118.754883 Z24.000000 F400.000000
G01 X117.736328 Y118.754883 Z24.000000 F400.000000
G01 X117.364258 Y118.630859 Z24.000000 F400.000000
G01 X117.116211 Y118.382812 Z24.000000 F400.000000
G01 X116.992188 Y118.134766 Z24.000000 F400.000000
G01 X116.992188 Y117.762695 Z24.000000 F400.000000
G00 Z32.000000
G00 Z32.000000
G00 X116.992187 Y120.119141
G01 Z24.000000 F400.0(Penetrate)
G01 X117.116211 Y119.871094 Z24.000000 F400.000000
G01 X117.364258 Y119.623047 Z24.000000 F400.000000
G01 X117.736328 Y119.499023 Z24.000000 F400.000000
G01 X117.984375 Y119.499023 Z24.000000 F400.000000
G01 X118.356445 Y119.623047 Z24.000000 F400.000000
G01 X118.604492 Y119.871094 Z24.000000 F400.000000
G01 X118.728516 Y120.119141 Z24.000000 F400.000000
G01 X118.728516 Y120.491211 Z24.000000 F400.000000
G01 X118.604492 Y120.739258 Z24.000000 F400.000000
G01 X118.356445 Y120.987305 Z24.000000 F400.000000
G01 X117.984375 Y121.111328 Z24.000000 F400.000000
G01 X117.736328 Y121.111328 Z24.000000 F400.000000
G01 X117.364258 Y120.987305 Z24.000000 F400.000000
G01 X117.116211 Y120.739258 Z24.000000 F400.000000
G01 X116.992187 Y120.491211 Z24.000000 F400.000000
G01 X116.992187 Y120.119141 Z24.000000 F400.000000
G00 Z32.000000
G00 Z32.000000
G00 X116.124023 Y123.343750
G01 Z24.000000 F400.0(Penetrate)
G01 X118.728516 Y123.343750 Z24.000000 F400.000000
G00 Z32.000000
G00 Z32.000000
G00 X117.364258 Y123.343750
G01 Z24.000000 F400.0(Penetrate)
G01 X117.116211 Y123.095703 Z24.000000 F400.000000
G01 X116.992187 Y122.847656 Z24.000000 F400.000000
G01 X116.992187 Y122.475586 Z24.000000 F400.000000
G01 X117.116211 Y122.227539 Z24.000000 F400.000000
G01 X117.364258 Y121.979492 Z24.000000 F400.000000
G01 X117.736328 Y121.855469 Z24.000000 F400.000000
G01 X117.984375 Y121.855469 Z24.000000 F400.000000
G01 X118.356445 Y121.979492 Z24.000000 F400.000000
G01 X118.604492 Y122.227539 Z24.000000 F400.000000
G01 X118.728516 Y122.475586 Z24.000000 F400.000000
G01 X118.728516 Y122.847656 Z24.000000 F400.000000
G01 X118.604492 Y123.095703 Z24.000000 F400.000000
G01 X118.356445 Y123.343750 Z24.000000 F400.000000
G00 Z32.000000
G00 Z32.000000
G00 X116.992187 Y127.684570
G01 Z24.000000 F400.0(Penetrate)
G01 X118.728516 Y127.684570 Z24.000000 F400.000000
G00 Z32.000000
G00 Z32.000000
G00 X117.364258 Y127.684570
G01 Z24.000000 F400.0(Penetrate)
G01 X117.116211 Y127.436523 Z24.000000 F400.000000
G01 X116.992187 Y127.188477 Z24.000000 F400.000000
G01 X116.992187 Y126.816406 Z24.000000 F400.000000
G01 X117.116211 Y126.568359 Z24.000000 F400.000000
G01 X117.364258 Y126.320312 Z24.000000 F400.000000
G01 X117.736328 Y126.196289 Z24.000000 F400.000000
G01 X117.984375 Y126.196289 Z24.000000 F400.000000
G01 X118.356445 Y126.320312 Z24.000000 F400.000000
G01 X118.604492 Y126.568359 Z24.000000 F400.000000
G01 X118.728516 Y126.816406 Z24.000000 F400.000000
G01 X118.728516 Y127.188477 Z24.000000 F400.000000
G01 X118.604492 Y127.436523 Z24.000000 F400.000000
G01 X118.356445 Y127.684570 Z24.000000 F400.000000
G00 Z32.000000
G00 Z32.000000
G00 X116.124023 Y130.041016
G01 Z24.000000 F400.0(Penetrate)
G01 X118.728516 Y130.041016 Z24.000000 F400.000000
G00 Z32.000000
G00 Z32.000000
G00 X117.364258 Y130.041016
G01 Z24.000000 F400.0(Penetrate)
G01 X117.116211 Y129.792969 Z24.000000 F400.000000
G01 X116.992187 Y129.544922 Z24.000000 F400.000000
G01 X116.992187 Y129.172852 Z24.000000 F400.000000
G01 X117.116211 Y128.924805 Z24.000000 F400.000000
G01 X117.364258 Y128.676758 Z24.000000 F400.000000
G01 X117.736328 Y128.552734 Z24.000000 F400.000000
G01 X117.984375 Y128.552734 Z24.000000 F400.000000
G01 X118.356445 Y128.676758 Z24.000000 F400.000000
G01 X118.604492 Y128.924805 Z24.000000 F400.000000
G01 X118.728516 Y129.172852 Z24.000000 F400.000000
G01 X118.728516 Y129.544922 Z24.000000 F400.000000
G01 X118.604492 Y129.792969 Z24.000000 F400.000000
G01 X118.356445 Y130.041016 Z24.000000 F400.000000
G00 Z32.000000
G00 Z32.000000
G00 X116.992187 Y130.785156
G01 Z24.000000 F400.0(Penetrate)
G01 X118.728516 Y131.529297 Z24.000000 F400.000000
G00 Z32.000000
G00 Z32.000000
G00 X116.992187 Y132.273438
G01 Z24.000000 F400.0(Penetrate)
G01 X118.728516 Y131.529297 Z24.000000 F400.000000
G00 Z32.000000
G00 Z32.000000
G00 X116.124023 Y132.893555
G01 Z24.000000 F400.0(Penetrate)
G01 X116.248047 Y133.017578 Z24.000000 F400.000000
G01 X116.124023 Y133.141602 Z24.000000 F400.000000
G01 X116.000000 Y133.017578 Z24.000000 F400.000000
G01 X116.124023 Y132.893555 Z24.000000 F400.000000
G00 Z32.000000
G00 Z32.000000
G00 X116.992187 Y133.017578
G01 Z24.000000 F400.0(Penetrate)
G01 X118.728516 Y133.017578 Z24.000000 F400.000000
G00 Z32.000000
G00 Z32.000000
G00 X117.364258 Y135.374023
G01 Z24.000000 F400.0(Penetrate)
G01 X117.116211 Y135.125977 Z24.000000 F400.000000
G01 X116.992187 Y134.877930 Z24.000000 F400.000000
G01 X116.992187 Y134.505859 Z24.000000 F400.000000
G01 X117.116211 Y134.257812 Z24.000000 F400.000000
G01 X117.364258 Y134.009766 Z24.000000 F400.000000
G01 X117.736328 Y133.885742 Z24.000000 F400.000000
G01 X117.984375 Y133.885742 Z24.000000 F400.000000
G01 X118.356445 Y134.009766 Z24.000000 F400.000000
G01 X118.604492 Y134.257812 Z24.000000 F400.000000
G01 X118.728516 Y134.505859 Z24.000000 F400.000000
G01 X118.728516 Y134.877930 Z24.000000 F400.000000
G01 X118.604492 Y135.125977 Z24.000000 F400.000000
G01 X118.356445 Y135.374023 Z24.000000 F400.000000
G00 Z32.000000
G00 Z32.000000
G00 X117.736328 Y136.118164
G01 Z24.000000 F400.0(Penetrate)
G01 X117.736328 Y137.606445 Z24.000000 F400.000000
G01 X117.488281 Y137.606445 Z24.000000 F400.000000
G01 X117.240234 Y137.482422 Z24.000000 F400.000000
G01 X117.116211 Y137.358398 Z24.000000 F400.000000
G01 X116.992187 Y137.110352 Z24.000000 F400.000000
G01 X116.992187 Y136.738281 Z24.000000 F400.000000
G01 X117.116211 Y136.490234 Z24.000000 F400.000000
G01 X117.364258 Y136.242188 Z24.000000 F400.000000
G01 X117.736328 Y136.118164 Z24.000000 F400.000000
G01 X117.984375 Y136.118164 Z24.000000 F400.000000
G01 X118.356445 Y136.242188 Z24.000000 F400.000000
G01 X118.604492 Y136.490234 Z24.000000 F400.000000
G01 X118.728516 Y136.738281 Z24.000000 F400.000000
G01 X118.728516 Y137.110352 Z24.000000 F400.000000
G01 X118.604492 Y137.358398 Z24.000000 F400.000000
G01 X118.356445 Y137.606445 Z24.000000 F400.000000
G00 Z32.000000
G00 Z32.000000
G00 X118.108398 Y138.474609
G01 Z24.000000 F400.0(Penetrate)
G01 X118.232422 Y138.350586 Z24.000000 F400.000000
G01 X118.356445 Y138.474609 Z24.000000 F400.000000
G01 X118.232422 Y138.598633 Z24.000000 F400.000000
G01 X118.108398 Y138.474609 Z24.000000 F400.000000
G00 Z32.000000
G00 Z32.000000
G00 X110.124023 Y40.372070
G01 Z24.000000 F400.0(Penetrate)
G01 X112.232422 Y40.372070 Z24.000000 F400.000000
G01 X112.604492 Y40.496094 Z24.000000 F400.000000
G01 X112.728516 Y40.744141 Z24.000000 F400.000000
G01 X112.728516 Y40.992188 Z24.000000 F400.000000
G00 Z32.000000
G00 Z32.000000
G00 X110.992188 Y40.000000
G01 Z24.000000 F400.0(Penetrate)
G01 X110.992188 Y40.868164 Z24.000000 F400.000000
G00 Z32.000000
G00 Z32.000000
G00 X110.992188 Y42.232422
G01 Z24.000000 F400.0(Penetrate)
G01 X111.116211 Y41.984375 Z24.000000 F400.000000
G01 X111.364258 Y41.736328 Z24.000000 F400.000000
G01 X111.736328 Y41.612305 Z24.000000 F400.000000
G01 X111.984375 Y41.612305 Z24.000000 F400.000000
G01 X112.356445 Y41.736328 Z24.000000 F400.000000
G01 X112.604492 Y41.984375 Z24.000000 F400.000000
G01 X112.728516 Y42.232422 Z24.000000 F400.000000
G01 X112.728516 Y42.604492 Z24.000000 F400.000000
G01 X112.604492 Y42.852539 Z24.000000 F400.000000
G01 X112.356445 Y43.100586 Z24.000000 F400.000000
G01 X111.984375 Y43.224609 Z24.000000 F400.000000
G01 X111.736328 Y43.224609 Z24.000000 F400.000000
G01 X111.364258 Y43.100586 Z24.000000 F400.000000
G01 X111.116211 Y42.852539 Z24.000000 F400.000000
G01 X110.992188 Y42.604492 Z24.000000 F400.000000
G01 X110.992188 Y42.232422 Z24.000000 F400.000000
G00 Z32.000000
G00 Z32.000000
G00 X110.124023 Y46.821289
G01 Z24.000000 F400.0(Penetrate)
G01 X110.124023 Y46.573242 Z24.000000 F400.000000
G01 X110.248047 Y46.325195 Z24.000000 F400.000000
G01 X110.620117 Y46.201172 Z24.000000 F400.000000
G01 X112.728516 Y46.201172 Z24.000000 F400.000000
G00 Z32.000000
G00 Z32.000000
G00 X110.992188 Y45.829102
G01 Z24.000000 F400.0(Penetrate)
G01 X110.992188 Y46.697266 Z24.000000 F400.000000
G00 Z32.000000
G00 Z32.000000
G00 X110.124023 Y47.441406
G01 Z24.000000 F400.0(Penetrate)
G01 X110.248047 Y47.565430 Z24.000000 F400.000000
G01 X110.124023 Y47.689453 Z24.000000 F400.000000
G01 X110.000000 Y47.565430 Z24.000000 F400.000000
G01 X110.124023 Y47.441406 Z24.000000 F400.000000
G00 Z32.000000
G00 Z32.000000
G00 X110.992188 Y47.565430
G01 Z24.000000 F400.0(Penetrate)
G01 X112.728516 Y47.565430 Z24.000000 F400.000000
G00 Z32.000000
G00 Z32.000000
G00 X110.992188 Y49.921875
G01 Z24.000000 F400.0(Penetrate)
G01 X112.976562 Y49.921875 Z24.000000 F400.000000
G01 X113.348633 Y49.797852 Z24.000000 F400.000000
G01 X113.472656 Y49.673828 Z24.000000 F400.000000
G01 X113.596680 Y49.425781 Z24.000000 F400.000000
G01 X113.596680 Y49.053711 Z24.000000 F400.000000
G01 X113.472656 Y48.805664 Z24.000000 F400.000000
G00 Z32.000000
G00 Z32.000000
G00 X111.364258 Y49.921875
G01 Z24.000000 F400.0(Penetrate)
G01 X111.116211 Y49.673828 Z24.000000 F400.000000
G01 X110.992188 Y49.425781 Z24.000000 F400.000000
G01 X110.992188 Y49.053711 Z24.000000 F400.000000
G01 X111.116211 Y48.805664 Z24.000000 F400.000000
G01 X111.364258 Y48.557617 Z24.000000 F400.000000
G01 X111.736328 Y48.433594 Z24.000000 F400.000000
G01 X111.984375 Y48.433594 Z24.000000 F400.000000
G01 X112.356445 Y48.557617 Z24.000000 F400.000000
G01 X112.604492 Y48.805664 Z24.000000 F400.000000
G01 X112.728516 Y49.053711 Z24.000000 F400.000000
G01 X112.728516 Y49.425781 Z24.000000 F400.000000
G01 X112.604492 Y49.673828 Z24.000000 F400.000000
G01 X112.356445 Y49.921875 Z24.000000 F400.000000
G00 Z32.000000
G00 Z32.000000
G00 X110.992188 Y50.914062
G01 Z24.000000 F400.0(Penetrate)
G01 X112.232422 Y50.914062 Z24.000000 F400.000000
G01 X112.604492 Y51.038086 Z24.000000 F400.000000
G01 X112.728516 Y51.286133 Z24.000000 F400.000000
G01 X112.728516 Y51.658203 Z24.000000 F400.000000
G01 X112.604492 Y51.906250 Z24.000000 F400.000000
G01 X112.232422 Y52.278320 Z24.000000 F400.000000
G00 Z32.000000
G00 Z32.000000
G00 X110.992188 Y52.278320
G01 Z24.000000 F400.0(Penetrate)
G01 X112.728516 Y52.278320 Z24.000000 F400.000000
G00 Z32.000000
G00 Z32.000000
G00 X110.992188 Y53.270508
G01 Z24.000000 F400.0(Penetrate)
G01 X112.728516 Y53.270508 Z24.000000 F400.000000
G00 Z32.000000
G00 Z32.000000
G00 X111.736328 Y53.270508
G01 Z24.000000 F400.0(Penetrate)
G01 X111.364258 Y53.394531 Z24.000000 F400.000000
G01 X111.116211 Y53.642578 Z24.000000 F400.000000
G01 X110.992188 Y53.890625 Z24.000000 F400.000000
G01 X110.992188 Y54.262695 Z24.000000 F400.000000
G00 Z32.000000
G00 Z32.000000
G00 X111.736328 Y54.758789
G01 Z24.000000 F400.0(Penetrate)
G01 X111.736328 Y56.247070 Z24.000000 F400.000000
G01 X111.488281 Y56.247070 Z24.000000 F400.000000
G01 X111.240234 Y56.123047 Z24.000000 F400.000000
G01 X111.116211 Y55.999023 Z24.000000 F400.000000
G01 X110.992188 Y55.750977 Z24.000000 F400.000000
G01 X110.992188 Y55.378906 Z24.000000 F400.000000
G01 X111.116211 Y55.130859 Z24.000000 F400.000000
G01 X111.364258 Y54.882812 Z24.000000 F400.000000
G01 X111.736328 Y54.758789 Z24.000000 F400.000000
G01 X111.984375 Y54.758789 Z24.000000 F400.000000
G01 X112.356445 Y54.882812 Z24.000000 F400.000000
G01 X112.604492 Y55.130859 Z24.000000 F400.000000
G01 X112.728516 Y55.378906 Z24.000000 F400.000000
G01 X112.728516 Y55.750977 Z24.000000 F400.000000
G01 X112.604492 Y55.999023 Z24.000000 F400.000000
G01 X112.356445 Y56.247070 Z24.000000 F400.000000
G00 Z32.000000
G00 Z32.000000
G00 X110.992188 Y59.595703
G01 Z24.000000 F400.0(Penetrate)
G01 X111.116211 Y59.347656 Z24.000000 F400.000000
G01 X111.364258 Y59.099609 Z24.000000 F400.000000
G01 X111.736328 Y58.975586 Z24.000000 F400.000000
G01 X111.984375 Y58.975586 Z24.000000 F400.000000
G01 X112.356445 Y59.099609 Z24.000000 F400.000000
G01 X112.604492 Y59.347656 Z24.000000 F400.000000
G01 X112.728516 Y59.595703 Z24.000000 F400.000000
G01 X112.728516 Y59.967773 Z24.000000 F400.000000
G01 X112.604492 Y60.215820 Z24.000000 F400.000000
G01 X112.356445 Y60.463867 Z24.000000 F400.000000
G01 X111.984375 Y60.587891 Z24.000000 F400.000000
G01 X111.736328 Y60.587891 Z24.000000 F400.000000
G01 X111.364258 Y60.463867 Z24.000000 F400.000000
G01 X111.116211 Y60.215820 Z24.000000 F400.000000
G01 X110.992188 Y59.967773 Z24.000000 F400.000000
G01 X110.992188 Y59.595703 Z24.000000 F400.000000
G00 Z32.000000
G00 Z32.000000
G00 X110.992188 Y61.456055
G01 Z24.000000 F400.0(Penetrate)
G01 X112.232422 Y61.456055 Z24.000000 F400.000000
G01 X112.604492 Y61.580078 Z24.000000 F400.000000
G01 X112.728516 Y61.828125 Z24.000000 F400.000000
G01 X112.728516 Y62.200195 Z24.000000 F400.000000
G01 X112.604492 Y62.448242 Z24.000000 F400.000000
G01 X112.232422 Y62.820312 Z24.000000 F400.000000
G00 Z32.000000
G00 Z32.000000
G00 X110.992188 Y62.820312
G01 Z24.000000 F400.0(Penetrate)
G01 X112.728516 Y62.820312 Z24.000000 F400.000000
G00 Z32.000000
G00 Z32.000000
G00 X110.124023 Y63.936523
G01 Z24.000000 F400.0(Penetrate)
G01 X112.232422 Y63.936523 Z24.000000 F400.000000
G01 X112.604492 Y64.060547 Z24.000000 F400.000000
G01 X112.728516 Y64.308594 Z24.000000 F400.000000
G01 X112.728516 Y64.556641 Z24.000000 F400.000000
G00 Z32.000000
G00 Z32.000000
G00 X110.992188 Y63.564453
G01 Z24.000000 F400.0(Penetrate)
G01 X110.992188 Y64.432617 Z24.000000 F400.000000
G00 Z32.000000
G00 Z32.000000
G00 X110.992188 Y67.161133
G01 Z24.000000 F400.0(Penetrate)
G01 X112.728516 Y67.657227 Z24.000000 F400.000000
G00 Z32.000000
G00 Z32.000000
G00 X110.992188 Y68.153320
G01 Z24.000000 F400.0(Penetrate)
G01 X112.728516 Y67.657227 Z24.000000 F400.000000
G00 Z32.000000
G00 Z32.000000
G00 X110.992188 Y68.153320
G01 Z24.000000 F400.0(Penetrate)
G01 X112.728516 Y68.649414 Z24.000000 F400.000000
G00 Z32.000000
G00 Z32.000000
G00 X110.992188 Y69.145508
G01 Z24.000000 F400.0(Penetrate)
G01 X112.728516 Y68.649414 Z24.000000 F400.000000
G00 Z32.000000
G00 Z32.000000
G00 X110.124023 Y70.013672
G01 Z24.000000 F400.0(Penetrate)
G01 X112.728516 Y70.013672 Z24.000000 F400.000000
G00 Z32.000000
G00 Z32.000000
G00 X111.488281 Y70.013672
G01 Z24.000000 F400.0(Penetrate)
G01 X111.116211 Y70.385742 Z24.000000 F400.000000
G01 X110.992188 Y70.633789 Z24.000000 F400.000000
G01 X110.992188 Y71.005859 Z24.000000 F400.000000
G01 X111.116211 Y71.253906 Z24.000000 F400.000000
G01 X111.488281 Y71.377930 Z24.000000 F400.000000
G01 X112.728516 Y71.377930 Z24.000000 F400.000000
G00 Z32.000000
G00 Z32.000000
G00 X110.992188 Y72.866211
G01 Z24.000000 F400.0(Penetrate)
G01 X111.116211 Y72.618164 Z24.000000 F400.000000
G01 X111.364258 Y72.370117 Z24.000000 F400.000000
G01 X111.736328 Y72.246094 Z24.000000 F400.000000
G01 X111.984375 Y72.246094 Z24.000000 F400.000000
G01 X112.356445 Y72.370117 Z24.000000 F400.000000
G01 X112.604492 Y72.618164 Z24.000000 F400.000000
G01 X112.728516 Y72.866211 Z24.000000 F400.000000
G01 X112.728516 Y73.238281 Z24.000000 F400.000000
G01 X112.604492 Y73.486328 Z24.000000 F400.000000
G01 X112.356445 Y73.734375 Z24.000000 F400.000000
G01 X111.984375 Y73.858398 Z24.000000 F400.000000
G01 X111.736328 Y73.858398 Z24.000000 F400.000000
G01 X111.364258 Y73.734375 Z24.000000 F400.000000
G01 X111.116211 Y73.486328 Z24.000000 F400.000000
G01 X110.992188 Y73.238281 Z24.000000 F400.000000
G01 X110.992188 Y72.866211 Z24.000000 F400.000000
G00 Z32.000000
G00 Z32.000000
G00 X110.124023 Y76.834961
G01 Z24.000000 F400.0(Penetrate)
G01 X112.232422 Y76.834961 Z24.000000 F400.000000
G01 X112.604492 Y76.958984 Z24.000000 F400.000000
G01 X112.728516 Y77.207031 Z24.000000 F400.000000
G01 X112.728516 Y77.455078 Z24.000000 F400.000000
G00 Z32.000000
G00 Z32.000000
G00 X110.992188 Y76.462891
G01 Z24.000000 F400.0(Penetrate)
G01 X110.992188 Y77.331055 Z24.000000 F400.000000
G00 Z32.000000
G00 Z32.000000
G00 X110.992188 Y78.695312
G01 Z24.000000 F400.0(Penetrate)
G01 X111.116211 Y78.447266 Z24.000000 F400.000000
G01 X111.364258 Y78.199219 Z24.000000 F400.000000
G01 X111.736328 Y78.075195 Z24.000000 F400.000000
G01 X111.984375 Y78.075195 Z24.000000 F400.000000
G01 X112.356445 Y78.199219 Z24.000000 F400.000000
G01 X112.604492 Y78.447266 Z24.000000 F400.000000
G01 X112.728516 Y78.695312 Z24.000000 F400.000000
G01 X112.728516 Y79.067383 Z24.000000 F400.000000
G01 X112.604492 Y79.315430 Z24.000000 F400.000000
G01 X112.356445 Y79.563477 Z24.000000 F400.000000
G01 X111.984375 Y79.687500 Z24.000000 F400.000000
G01 X111.736328 Y79.687500 Z24.000000 F400.000000
G01 X111.364258 Y79.563477 Z24.000000 F400.000000
G01 X111.116211 Y79.315430 Z24.000000 F400.000000
G01 X110.992188 Y79.067383 Z24.000000 F400.000000
G01 X110.992188 Y78.695312 Z24.000000 F400.000000
G00 Z32.000000
G00 Z32.000000
G00 X110.992188 Y82.540039
G01 Z24.000000 F400.0(Penetrate)
G01 X112.728516 Y82.540039 Z24.000000 F400.000000
G00 Z32.000000
G00 Z32.000000
G00 X111.736328 Y82.540039
G01 Z24.000000 F400.0(Penetrate)
G01 X111.364258 Y82.664062 Z24.000000 F400.000000
G01 X111.116211 Y82.912109 Z24.000000 F400.000000
G01 X110.992188 Y83.160156 Z24.000000 F400.000000
G01 X110.992188 Y83.532227 Z24.000000 F400.000000
G00 Z32.000000
G00 Z32.000000
G00 X111.736328 Y84.028320
G01 Z24.000000 F400.0(Penetrate)
G01 X111.736328 Y85.516602 Z24.000000 F400.000000
G01 X111.488281 Y85.516602 Z24.000000 F400.000000
G01 X111.240234 Y85.392578 Z24.000000 F400.000000
G01 X111.116211 Y85.268555 Z24.000000 F400.000000
G01 X110.992188 Y85.020508 Z24.000000 F400.000000
G01 X110.992188 Y84.648438 Z24.000000 F400.000000
G01 X111.116211 Y84.400391 Z24.000000 F400.000000
G01 X111.364258 Y84.152344 Z24.000000 F400.000000
G01 X111.736328 Y84.028320 Z24.000000 F400.000000
G01 X111.984375 Y84.028320 Z24.000000 F400.000000
G01 X112.356445 Y84.152344 Z24.000000 F400.000000
G01 X112.604492 Y84.400391 Z24.000000 F400.000000
G01 X112.728516 Y84.648438 Z24.000000 F400.000000
G01 X112.728516 Y85.020508 Z24.000000 F400.000000
G01 X112.604492 Y85.268555 Z24.000000 F400.000000
G01 X112.356445 Y85.516602 Z24.000000 F400.000000
G00 Z32.000000
G00 Z32.000000
G00 X110.992188 Y87.749023
G01 Z24.000000 F400.0(Penetrate)
G01 X112.728516 Y87.749023 Z24.000000 F400.000000
G00 Z32.000000
G00 Z32.000000
G00 X111.364258 Y87.749023
G01 Z24.000000 F400.0(Penetrate)
G01 X111.116211 Y87.500977 Z24.000000 F400.000000
G01 X110.992188 Y87.252930 Z24.000000 F400.000000
G01 X110.992188 Y86.880859 Z24.000000 F400.000000
G01 X111.116211 Y86.632812 Z24.000000 F400.000000
G01 X111.364258 Y86.384766 Z24.000000 F400.000000
G01 X111.736328 Y86.260742 Z24.000000 F400.000000
G01 X111.984375 Y86.260742 Z24.000000 F400.000000
G01 X112.356445 Y86.384766 Z24.000000 F400.000000
G01 X112.604492 Y86.632812 Z24.000000 F400.000000
G01 X112.728516 Y86.880859 Z24.000000 F400.000000
G01 X112.728516 Y87.252930 Z24.000000 F400.000000
G01 X112.604492 Y87.500977 Z24.000000 F400.000000
G01 X112.356445 Y87.749023 Z24.000000 F400.000000
G00 Z32.000000
G00 Z32.000000
G00 X111.364258 Y90.105469
G01 Z24.000000 F400.0(Penetrate)
G01 X111.116211 Y89.857422 Z24.000000 F400.000000
G01 X110.992188 Y89.609375 Z24.000000 F400.000000
G01 X110.992188 Y89.237305 Z24.000000 F400.000000
G01 X111.116211 Y88.989258 Z24.000000 F400.000000
G01 X111.364258 Y88.741211 Z24.000000 F400.000000
G01 X111.736328 Y88.617188 Z24.000000 F400.000000
G01 X111.984375 Y88.617188 Z24.000000 F400.000000
G01 X112.356445 Y88.741211 Z24.000000 F400.000000
G01 X112.604492 Y88.989258 Z24.000000 F400.000000
G01 X112.728516 Y89.237305 Z24.000000 F400.000000
G01 X112.728516 Y89.609375 Z24.000000 F400.000000
G01 X112.604492 Y89.857422 Z24.000000 F400.000000
G01 X112.356445 Y90.105469 Z24.000000 F400.000000
G00 Z32.000000
G00 Z32.000000
G00 X110.124023 Y90.973633
G01 Z24.000000 F400.0(Penetrate)
G01 X112.728516 Y90.973633 Z24.000000 F400.000000
G00 Z32.000000
G00 Z32.000000
G00 X111.488281 Y90.973633
G01 Z24.000000 F400.0(Penetrate)
G01 X111.116211 Y91.345703 Z24.000000 F400.000000
G01 X110.992188 Y91.593750 Z24.000000 F400.000000
G01 X110.992188 Y91.965820 Z24.000000 F400.000000
G01 X111.116211 Y92.213867 Z24.000000 F400.000000
G01 X111.488281 Y92.337891 Z24.000000 F400.000000
G01 X112.728516 Y92.337891 Z24.000000 F400.000000
G00 Z32.000000
G00 Z32.000000
G00 X110.992188 Y95.810547
G01 Z24.000000 F400.0(Penetrate)
G01 X111.116211 Y95.562500 Z24.000000 F400.000000
G01 X111.364258 Y95.314453 Z24.000000 F400.000000
G01 X111.736328 Y95.190430 Z24.000000 F400.000000
G01 X111.984375 Y95.190430 Z24.000000 F400.000000
G01 X112.356445 Y95.314453 Z24.000000 F400.000000
G01 X112.604492 Y95.562500 Z24.000000 F400.000000
G01 X112.728516 Y95.810547 Z24.000000 F400.000000
G01 X112.728516 Y96.182617 Z24.000000 F400.000000
G01 X112.604492 Y96.430664 Z24.000000 F400.000000
G01 X112.356445 Y96.678711 Z24.000000 F400.000000
G01 X111.984375 Y96.802734 Z24.000000 F400.000000
G01 X111.736328 Y96.802734 Z24.000000 F400.000000
G01 X111.364258 Y96.678711 Z24.000000 F400.000000
G01 X111.116211 Y96.430664 Z24.000000 F400.000000
G01 X110.992188 Y96.182617 Z24.000000 F400.000000
G01 X110.992188 Y95.810547 Z24.000000 F400.000000
G00 Z32.000000
G00 Z32.000000
G00 X110.992188 Y97.670898
G01 Z24.000000 F400.0(Penetrate)
G01 X112.232422 Y97.670898 Z24.000000 F400.000000
G01 X112.604492 Y97.794922 Z24.000000 F400.000000
G01 X112.728516 Y98.042969 Z24.000000 F400.000000
G01 X112.728516 Y98.415039 Z24.000000 F400.000000
G01 X112.604492 Y98.663086 Z24.000000 F400.000000
G01 X112.232422 Y99.035156 Z24.000000 F400.000000
G00 Z32.000000
G00 Z32.000000
G00 X110.992188 Y99.035156
G01 Z24.000000 F400.0(Penetrate)
G01 X112.728516 Y99.035156 Z24.000000 F400.000000
G00 Z32.000000
G00 Z32.000000
G00 X110.124023 Y100.151367
G01 Z24.000000 F400.0(Penetrate)
G01 X112.232422 Y100.151367 Z24.000000 F400.000000
G01 X112.604492 Y100.275391 Z24.000000 F400.000000
G01 X112.728516 Y100.523438 Z24.000000 F400.000000
G01 X112.728516 Y100.771484 Z24.000000 F400.000000
G00 Z32.000000
G00 Z32.000000
G00 X110.992188 Y99.779297
G01 Z24.000000 F400.0(Penetrate)
G01 X110.992188 Y100.647461 Z24.000000 F400.000000
G00 Z32.000000
G00 Z32.000000
G00 X110.124023 Y103.624023
G01 Z24.000000 F400.0(Penetrate)
G01 X112.232422 Y103.624023 Z24.000000 F400.000000
G01 X112.604492 Y103.748047 Z24.000000 F400.000000
G01 X112.728516 Y103.996094 Z24.000000 F400.000000
G01 X112.728516 Y104.244141 Z24.000000 F400.000000
G00 Z32.000000
G00 Z32.000000
G00 X110.992188 Y103.251953
G01 Z24.000000 F400.0(Penetrate)
G01 X110.992188 Y104.120117 Z24.000000 F400.000000
G00 Z32.000000
G00 Z32.000000
G00 X110.992188 Y105.484375
G01 Z24.000000 F400.0(Penetrate)
G01 X111.116211 Y105.236328 Z24.000000 F400.000000
G01 X111.364258 Y104.988281 Z24.000000 F400.000000
G01 X111.736328 Y104.864258 Z24.000000 F400.000000
G01 X111.984375 Y104.864258 Z24.000000 F400.000000
G01 X112.356445 Y104.988281 Z24.000000 F400.000000
G01 X112.604492 Y105.236328 Z24.000000 F400.000000
G01 X112.728516 Y105.484375 Z24.000000 F400.000000
G01 X112.728516 Y105.856445 Z24.000000 F400.000000
G01 X112.604492 Y106.104492 Z24.000000 F400.000000
G01 X112.356445 Y106.352539 Z24.000000 F400.000000
G01 X111.984375 Y106.476562 Z24.000000 F400.000000
G01 X111.736328 Y106.476562 Z24.000000 F400.000000
G01 X111.364258 Y106.352539 Z24.000000 F400.000000
G01 X111.116211 Y106.104492 Z24.000000 F400.000000
G01 X110.992188 Y105.856445 Z24.000000 F400.000000
G01 X110.992188 Y105.484375 Z24.000000 F400.000000
G00 Z32.000000
G00 Z32.000000
G00 X112.232422 Y107.468750
G01 Z24.000000 F400.0(Penetrate)
G01 X112.356445 Y107.344727 Z24.000000 F400.000000
G01 X112.232422 Y107.220703 Z24.000000 F400.000000
G01 X112.108398 Y107.344727 Z24.000000 F400.000000
G01 X112.232422 Y107.468750 Z24.000000 F400.000000
G01 X112.480469 Y107.468750 Z24.000000 F400.000000
G01 X112.728516 Y107.220703 Z24.000000 F400.000000
G00 Z32.000000
G00 Z32.000000
G00 X110.992188 Y110.321289
G01 Z24.000000 F400.0(Penetrate)
G01 X112.728516 Y110.321289 Z24.000000 F400.000000
G00 Z32.000000
G00 Z32.000000
G00 X111.488281 Y110.321289
G01 Z24.000000 F400.0(Penetrate)
G01 X111.116211 Y110.693359 Z24.000000 F400.000000
G01 X110.992188 Y110.941406 Z24.000000 F400.000000
G01 X110.992188 Y111.313477 Z24.000000 F400.000000
G01 X111.116211 Y111.561523 Z24.000000 F400.000000
G01 X111.488281 Y111.685547 Z24.000000 F400.000000
G01 X112.728516 Y111.685547 Z24.000000 F400.000000
G00 Z32.000000
G00 Z32.000000
G00 X111.488281 Y111.685547
G01 Z24.000000 F400.0(Penetrate)
G01 X111.116211 Y112.057617 Z24.000000 F400.000000
G01 X110.992188 Y112.305664 Z24.000000 F400.000000
G01 X110.992188 Y112.677734 Z24.000000 F400.000000
G01 X111.116211 Y112.925781 Z24.000000 F400.000000
G01 X111.488281 Y113.049805 Z24.000000 F400.000000
G01 X112.728516 Y113.049805 Z24.000000 F400.000000
G00 Z32.000000
G00 Z32.000000
G00 X110.992188 Y115.406250
G01 Z24.000000 F400.0(Penetrate)
G01 X112.728516 Y115.406250 Z24.000000 F400.000000
G00 Z32.000000
G00 Z32.000000
G00 X111.364258 Y115.406250
G01 Z24.000000 F400.0(Penetrate)
G01 X111.116211 Y115.158203 Z24.000000 F400.000000
G01 X110.992188 Y114.910156 Z24.000000 F400.000000
G01 X110.992188 Y114.538086 Z24.000000 F400.000000
G01 X111.116211 Y114.290039 Z24.000000 F400.000000
G01 X111.364258 Y114.041992 Z24.000000 F400.000000
G01 X111.736328 Y113.917969 Z24.000000 F400.000000
G01 X111.984375 Y113.917969 Z24.000000 F400.000000
G01 X112.356445 Y114.041992 Z24.000000 F400.000000
G01 X112.604492 Y114.290039 Z24.000000 F400.000000
G01 X112.728516 Y114.538086 Z24.000000 F400.000000
G01 X112.728516 Y114.910156 Z24.000000 F400.000000
G01 X112.604492 Y115.158203 Z24.000000 F400.000000
G01 X112.356445 Y115.406250 Z24.000000 F400.000000
G00 Z32.000000
G00 Z32.000000
G00 X110.992188 Y116.150391
G01 Z24.000000 F400.0(Penetrate)
G01 X112.728516 Y116.894531 Z24.000000 F400.000000
G00 Z32.000000
G00 Z32.000000
G00 X110.992188 Y117.638672
G01 Z24.000000 F400.0(Penetrate)
G01 X112.728516 Y116.894531 Z24.000000 F400.000000
G01 X113.224609 Y116.646484 Z24.000000 F400.000000
G01 X113.472656 Y116.398438 Z24.000000 F400.000000
G01 X113.596680 Y116.150391 Z24.000000 F400.000000
G01 X113.596680 Y116.026367 Z24.000000 F400.000000
G00 Z32.000000
G00 Z32.000000
G00 X110.124023 Y118.382812
G01 Z24.000000 F400.0(Penetrate)
G01 X112.728516 Y118.382812 Z24.000000 F400.000000
G00 Z32.000000
G00 Z32.000000
G00 X111.364258 Y118.382812
G01 Z24.000000 F400.0(Penetrate)
G01 X111.116211 Y118.630859 Z24.000000 F400.000000
G01 X110.992188 Y118.878906 Z24.000000 F400.000000
G01 X110.992188 Y119.250977 Z24.000000 F400.000000
G01 X111.116211 Y119.499023 Z24.000000 F400.000000
G01 X111.364258 Y119.747070 Z24.000000 F400.000000
G01 X111.736328 Y119.871094 Z24.000000 F400.000000
G01 X111.984375 Y119.871094 Z24.000000 F400.000000
G01 X112.356445 Y119.747070 Z24.000000 F400.000000
G01 X112.604492 Y119.499023 Z24.000000 F400.000000
G01 X112.728516 Y119.250977 Z24.000000 F400.000000
G01 X112.728516 Y118.878906 Z24.000000 F400.000000
G01 X112.604492 Y118.630859 Z24.000000 F400.000000
G01 X112.356445 Y118.382812 Z24.000000 F400.000000
G00 Z32.000000
G00 Z32.000000
G00 X111.736328 Y120.615234
G01 Z24.000000 F400.0(Penetrate)
G01 X111.736328 Y122.103516 Z24.000000 F400.000000
G01 X111.488281 Y122.103516 Z24.000000 F400.000000
G01 X111.240234 Y121.979492 Z24.000000 F400.000000
G01 X111.116211 Y121.855469 Z24.000000 F400.000000
G01 X110.992188 Y121.607422 Z24.000000 F400.000000
G01 X110.992188 Y121.235352 Z24.000000 F400.000000
G01 X111.116211 Y120.987305 Z24.000000 F400.000000
G01 X111.364258 Y120.739258 Z24.000000 F400.000000
G01 X111.736328 Y120.615234 Z24.000000 F400.000000
G01 X111.984375 Y120.615234 Z24.000000 F400.000000
G01 X112.356445 Y120.739258 Z24.000000 F400.000000
G01 X112.604492 Y120.987305 Z24.000000 F400.000000
G01 X112.728516 Y121.235352 Z24.000000 F400.000000
G01 X112.728516 Y121.607422 Z24.000000 F400.000000
G01 X112.604492 Y121.855469 Z24.000000 F400.000000
G01 X112.356445 Y122.103516 Z24.000000 F400.000000
G00 Z32.000000
G00 Z32.000000
G00 X110.124023 Y125.080078
G01 Z24.000000 F400.0(Penetrate)
G01 X112.232422 Y125.080078 Z24.000000 F400.000000
G01 X112.604492 Y125.204102 Z24.000000 F400.000000
G01 X112.728516 Y125.452148 Z24.000000 F400.000000
G01 X112.728516 Y125.700195 Z24.000000 F400.000000
G00 Z32.000000
G00 Z32.000000
G00 X110.992188 Y124.708008
G01 Z24.000000 F400.0(Penetrate)
G01 X110.992188 Y125.576172 Z24.000000 F400.000000
G00 Z32.000000
G00 Z32.000000
G00 X110.992188 Y127.808594
G01 Z24.000000 F400.0(Penetrate)
G01 X112.728516 Y127.808594 Z24.000000 F400.000000
G00 Z32.000000
G00 Z32.000000
G00 X111.364258 Y127.808594
G01 Z24.000000 F400.0(Penetrate)
G01 X111.116211 Y127.560547 Z24.000000 F400.000000
G01 X110.992188 Y127.312500 Z24.000000 F400.000000
G01 X110.992188 Y126.940430 Z24.000000 F400.000000
G01 X111.116211 Y126.692383 Z24.000000 F400.000000
G01 X111.364258 Y126.444336 Z24.000000 F400.000000
G01 X111.736328 Y126.320312 Z24.000000 F400.000000
G01 X111.984375 Y126.320312 Z24.000000 F400.000000
G01 X112.356445 Y126.444336 Z24.000000 F400.000000
G01 X112.604492 Y126.692383 Z24.000000 F400.000000
G01 X112.728516 Y126.940430 Z24.000000 F400.000000
G01 X112.728516 Y127.312500 Z24.000000 F400.000000
G01 X112.604492 Y127.560547 Z24.000000 F400.000000
G01 X112.356445 Y127.808594 Z24.000000 F400.000000
G00 Z32.000000
G00 Z32.000000
G00 X110.124023 Y128.800781
G01 Z24.000000 F400.0(Penetrate)
G01 X112.728516 Y128.800781 Z24.000000 F400.000000
G00 Z32.000000
G00 Z32.000000
G00 X110.124023 Y129.792969
G01 Z24.000000 F400.0(Penetrate)
G01 X112.728516 Y129.792969 Z24.000000 F400.000000
G00 Z32.000000
G00 Z32.000000
G00 X110.992188 Y131.033203
G01 Z24.000000 F400.0(Penetrate)
G01 X112.232422 Y129.792969 Z24.000000 F400.000000
G00 Z32.000000
G00 Z32.000000
G00 X111.736328 Y130.289062
G01 Z24.000000 F400.0(Penetrate)
G01 X112.728516 Y131.157227 Z24.000000 F400.000000
G00 Z32.000000
G00 Z32.000000
G00 X110.124023 Y131.777344
G01 Z24.000000 F400.0(Penetrate)
G01 X110.248047 Y131.901367 Z24.000000 F400.000000
G01 X110.124023 Y132.025391 Z24.000000 F400.000000
G01 X110.000000 Y131.901367 Z24.000000 F400.000000
G01 X110.124023 Y131.777344 Z24.000000 F400.000000
G00 Z32.000000
G00 Z32.000000
G00 X110.992188 Y131.901367
G01 Z24.000000 F400.0(Penetrate)
G01 X112.728516 Y131.901367 Z24.000000 F400.000000
G00 Z32.000000
G00 Z32.000000
G00 X110.992188 Y132.893555
G01 Z24.000000 F400.0(Penetrate)
G01 X112.728516 Y132.893555 Z24.000000 F400.000000
G00 Z32.000000
G00 Z32.000000
G00 X111.488281 Y132.893555
G01 Z24.000000 F400.0(Penetrate)
G01 X111.116211 Y133.265625 Z24.000000 F400.000000
G01 X110.992188 Y133.513672 Z24.000000 F400.000000
G01 X110.992188 Y133.885742 Z24.000000 F400.000000
G01 X111.116211 Y134.133789 Z24.000000 F400.000000
G01 X111.488281 Y134.257812 Z24.000000 F400.000000
G01 X112.728516 Y134.257812 Z24.000000 F400.000000
G00 Z32.000000
G00 Z32.000000
G00 X110.992188 Y136.614258
G01 Z24.000000 F400.0(Penetrate)
G01 X112.976562 Y136.614258 Z24.000000 F400.000000
G01 X113.348633 Y136.490234 Z24.000000 F400.000000
G01 X113.472656 Y136.366211 Z24.000000 F400.000000
G01 X113.596680 Y136.118164 Z24.000000 F400.000000
G01 X113.596680 Y135.746094 Z24.000000 F400.000000
G01 X113.472656 Y135.498047 Z24.000000 F400.000000
G00 Z32.000000
G00 Z32.000000
G00 X111.364258 Y136.614258
G01 Z24.000000 F400.0(Penetrate)
G01 X111.116211 Y136.366211 Z24.000000 F400.000000
G01 X110.992188 Y136.118164 Z24.000000 F400.000000
G01 X110.992188 Y135.746094 Z24.000000 F400.000000
G01 X111.116211 Y135.498047 Z24.000000 F400.000000
G01 X111.364258 Y135.250000 Z24.000000 F400.000000
G01 X111.736328 Y135.125977 Z24.000000 F400.000000
G01 X111.984375 Y135.125977 Z24.000000 F400.000000
G01 X112.356445 Y135.250000 Z24.000000 F400.000000
G01 X112.604492 Y135.498047 Z24.000000 F400.000000
G01 X112.728516 Y135.746094 Z24.000000 F400.000000
G01 X112.728516 Y136.118164 Z24.000000 F400.000000
G01 X112.604492 Y136.366211 Z24.000000 F400.000000
G01 X112.356445 Y136.614258 Z24.000000 F400.000000
G00 Z32.000000
G00 Z32.000000
G00 X104.992188 Y40.248047
G01 Z24.000000 F400.0(Penetrate)
G01 X106.728516 Y40.248047 Z24.000000 F400.000000
G00 Z32.000000
G00 Z32.000000
G00 X105.488281 Y40.248047
G01 Z24.000000 F400.0(Penetrate)
G01 X105.116211 Y40.620117 Z24.000000 F400.000000
G01 X104.992188 Y40.868164 Z24.000000 F400.000000
G01 X104.992188 Y41.240234 Z24.000000 F400.000000
G01 X105.116211 Y41.488281 Z24.000000 F400.000000
G01 X105.488281 Y41.612305 Z24.000000 F400.000000
G01 X106.728516 Y41.612305 Z24.000000 F400.000000
G00 Z32.000000
G00 Z32.000000
G00 X105.488281 Y41.612305
G01 Z24.000000 F400.0(Penetrate)
G01 X105.116211 Y41.984375 Z24.000000 F400.000000
G01 X104.992188 Y42.232422 Z24.000000 F400.000000
G01 X104.992188 Y42.604492 Z24.000000 F400.000000
G01 X105.116211 Y42.852539 Z24.000000 F400.000000
G01 X105.488281 Y42.976562 Z24.000000 F400.000000
G01 X106.728516 Y42.976562 Z24.000000 F400.000000
G00 Z32.000000
G00 Z32.000000
G00 X104.992188 Y43.720703
G01 Z24.000000 F400.0(Penetrate)
G01 X106.728516 Y44.464844 Z24.000000 F400.000000
G00 Z32.000000
G00 Z32.000000
G00 X104.992188 Y45.208984
G01 Z24.000000 F400.0(Penetrate)
G01 X106.728516 Y44.464844 Z24.000000 F400.000000
G01 X107.224609 Y44.216797 Z24.000000 F400.000000
G01 X107.472656 Y43.968750 Z24.000000 F400.000000
G01 X107.596680 Y43.720703 Z24.000000 F400.000000
G01 X107.596680 Y43.596680 Z24.000000 F400.000000
G00 Z32.000000
G00 Z32.000000
G00 X104.992188 Y47.937500
G01 Z24.000000 F400.0(Penetrate)
G01 X107.596680 Y47.937500 Z24.000000 F400.000000
G00 Z32.000000
G00 Z32.000000
G00 X105.364258 Y47.937500
G01 Z24.000000 F400.0(Penetrate)
G01 X105.116211 Y48.185547 Z24.000000 F400.000000
G01 X104.992188 Y48.433594 Z24.000000 F400.000000
G01 X104.992188 Y48.805664 Z24.000000 F400.000000
G01 X105.116211 Y49.053711 Z24.000000 F400.000000
G01 X105.364258 Y49.301758 Z24.000000 F400.000000
G01 X105.736328 Y49.425781 Z24.000000 F400.000000
G01 X105.984375 Y49.425781 Z24.000000 F400.000000
G01 X106.356445 Y49.301758 Z24.000000 F400.000000
G01 X106.604492 Y49.053711 Z24.000000 F400.000000
G01 X106.728516 Y48.805664 Z24.000000 F400.000000
G01 X106.728516 Y48.433594 Z24.000000 F400.000000
G01 X106.604492 Y48.185547 Z24.000000 F400.000000
G01 X106.356445 Y47.937500 Z24.000000 F400.000000
G00 Z32.000000
G00 Z32.000000
G00 X104.124023 Y50.293945
G01 Z24.000000 F400.0(Penetrate)
G01 X106.728516 Y50.293945 Z24.000000 F400.000000
G00 Z32.000000
G00 Z32.000000
G00 X105.488281 Y50.293945
G01 Z24.000000 F400.0(Penetrate)
G01 X105.116211 Y50.666016 Z24.000000 F400.000000
G01 X104.992188 Y50.914062 Z24.000000 F400.000000
G01 X104.992188 Y51.286133 Z24.000000 F400.000000
G01 X105.116211 Y51.534180 Z24.000000 F400.000000
G01 X105.488281 Y51.658203 Z24.000000 F400.000000
G01 X106.728516 Y51.658203 Z24.000000 F400.000000
G00 Z32.000000
G00 Z32.000000
G00 X104.992188 Y53.146484
G01 Z24.000000 F400.0(Penetrate)
G01 X105.116211 Y52.898438 Z24.000000 F400.000000
G01 X105.364258 Y52.650391 Z24.000000 F400.000000
G01 X105.736328 Y52.526367 Z24.000000 F400.000000
G01 X105.984375 Y52.526367 Z24.000000 F400.000000
G01 X106.356445 Y52.650391 Z24.000000 F400.000000
G01 X106.604492 Y52.898438 Z24.000000 F400.000000
G01 X106.728516 Y53.146484 Z24.000000 F400.000000
G01 X106.728516 Y53.518555 Z24.000000 F400.000000
G01 X106.604492 Y53.766602 Z24.000000 F400.000000
G01 X106.356445 Y54.014648 Z24.000000 F400.000000
G01 X105.984375 Y54.138672 Z24.000000 F400.000000
G01 X105.736328 Y54.138672 Z24.000000 F400.000000
G01 X105.364258 Y54.014648 Z24.000000 F400.000000
G01 X105.116211 Y53.766602 Z24.000000 F400.000000
G01 X104.992188 Y53.518555 Z24.000000 F400.000000
G01 X104.992188 Y53.146484 Z24.000000 F400.000000
G00 Z32.000000
G00 Z32.000000
G00 X104.992188 Y55.006836
G01 Z24.000000 F400.0(Penetrate)
G01 X106.728516 Y55.006836 Z24.000000 F400.000000
G00 Z32.000000
G00 Z32.000000
G00 X105.488281 Y55.006836
G01 Z24.000000 F400.0(Penetrate)
G01 X105.116211 Y55.378906 Z24.000000 F400.000000
G01 X104.992188 Y55.626953 Z24.000000 F400.000000
G01 X104.992188 Y55.999023 Z24.000000 F400.000000
G01 X105.116211 Y56.247070 Z24.000000 F400.000000
G01 X105.488281 Y56.371094 Z24.000000 F400.000000
G01 X106.728516 Y56.371094 Z24.000000 F400.000000
G00 Z32.000000
G00 Z32.000000
G00 X105.736328 Y57.239258
G01 Z24.000000 F400.0(Penetrate)
G01 X105.736328 Y58.727539 Z24.000000 F400.000000
G01 X105.488281 Y58.727539 Z24.000000 F400.000000
G01 X105.240234 Y58.603516 Z24.000000 F400.000000
G01 X105.116211 Y58.479492 Z24.000000 F400.000000
G01 X104.992188 Y58.231445 Z24.000000 F400.000000
G01 X104.992188 Y57.859375 Z24.000000 F400.000000
G01 X105.116211 Y57.611328 Z24.000000 F400.000000
G01 X105.364258 Y57.363281 Z24.000000 F400.000000
G01 X105.736328 Y57.239258 Z24.000000 F400.000000
G01 X105.984375 Y57.239258 Z24.000000 F400.000000
G01 X106.356445 Y57.363281 Z24.000000 F400.000000
G01 X106.604492 Y57.611328 Z24.000000 F400.000000
G01 X106.728516 Y57.859375 Z24.000000 F400.000000
G01 X106.728516 Y58.231445 Z24.000000 F400.000000
G01 X106.604492 Y58.479492 Z24.000000 F400.000000
G01 X106.356445 Y58.727539 Z24.000000 F400.000000
G00 Z32.000000
G00 Z32.000000
G00 X104.124023 Y61.704102
G01 Z24.000000 F400.0(Penetrate)
G01 X106.232422 Y61.704102 Z24.000000 F400.000000
G01 X106.604492 Y61.828125 Z24.000000 F400.000000
G01 X106.728516 Y62.076172 Z24.000000 F400.000000
G01 X106.728516 Y62.324219 Z24.000000 F400.000000
G00 Z32.000000
G00 Z32.000000
G00 X104.992188 Y61.332031
G01 Z24.000000 F400.0(Penetrate)
G01 X104.992188 Y62.200195 Z24.000000 F400.000000
G00 Z32.000000
G00 Z32.000000
G00 X104.124023 Y63.068359
G01 Z24.000000 F400.0(Penetrate)
G01 X106.728516 Y63.068359 Z24.000000 F400.000000
G00 Z32.000000
G00 Z32.000000
G00 X105.488281 Y63.068359
G01 Z24.000000 F400.0(Penetrate)
G01 X105.116211 Y63.440430 Z24.000000 F400.000000
G01 X104.992188 Y63.688477 Z24.000000 F400.000000
G01 X104.992188 Y64.060547 Z24.000000 F400.000000
G01 X105.116211 Y64.308594 Z24.000000 F400.000000
G01 X105.488281 Y64.432617 Z24.000000 F400.000000
G01 X106.728516 Y64.432617 Z24.000000 F400.000000
G00 Z32.000000
G00 Z32.000000
G00 X104.992188 Y66.789062
G01 Z24.000000 F400.0(Penetrate)
G01 X106.728516 Y66.789062 Z24.000000 F400.000000
G00 Z32.000000
G00 Z32.000000
G00 X105.364258 Y66.789062
G01 Z24.000000 F400.0(Penetrate)
G01 X105.116211 Y66.541016 Z24.000000 F400.000000
G01 X104.992188 Y66.292969 Z24.000000 F400.000000
G01 X104.992188 Y65.920898 Z24.000000 F400.000000
G01 X105.116211 Y65.672852 Z24.000000 F400.000000
G01 X105.364258 Y65.424805 Z24.000000 F400.000000
G01 X105.736328 Y65.300781 Z24.000000 F400.000000
G01 X105.984375 Y65.300781 Z24.000000 F400.000000
G01 X106.356445 Y65.424805 Z24.000000 F400.000000
G01 X106.604492 Y65.672852 Z24.000000 F400.000000
G01 X106.728516 Y65.920898 Z24.000000 F400.000000
G01 X106.728516 Y66.292969 Z24.000000 F400.000000
G01 X106.604492 Y66.541016 Z24.000000 F400.000000
G01 X106.356445 Y66.789062 Z24.000000 F400.000000
G00 Z32.000000
G00 Z32.000000
G00 X104.124023 Y67.905273
G01 Z24.000000 F400.0(Penetrate)
G01 X106.232422 Y67.905273 Z24.000000 F400.000000
G01 X106.604492 Y68.029297 Z24.000000 F400.000000
G01 X106.728516 Y68.277344 Z24.000000 F400.000000
G01 X106.728516 Y68.525391 Z24.000000 F400.000000
G00 Z32.000000
G00 Z32.000000
G00 X104.992188 Y67.533203
G01 Z24.000000 F400.0(Penetrate)
G01 X104.992188 Y68.401367 Z24.000000 F400.000000
G00 Z32.000000
G00 Z32.000000
G00 X104.992188 Y71.129883
G01 Z24.000000 F400.0(Penetrate)
G01 X106.728516 Y71.625977 Z24.000000 F400.000000
G00 Z32.000000
G00 Z32.000000
G00 X104.992188 Y72.122070
G01 Z24.000000 F400.0(Penetrate)
G01 X106.728516 Y71.625977 Z24.000000 F400.000000
G00 Z32.000000
G00 Z32.000000
G00 X104.992188 Y72.122070
G01 Z24.000000 F400.0(Penetrate)
G01 X106.728516 Y72.618164 Z24.000000 F400.000000
G00 Z32.000000
G00 Z32.000000
G00 X104.992188 Y73.114258
G01 Z24.000000 F400.0(Penetrate)
G01 X106.728516 Y72.618164 Z24.000000 F400.000000
G00 Z32.000000
G00 Z32.000000
G00 X104.124023 Y73.858398
G01 Z24.000000 F400.0(Penetrate)
G01 X104.248047 Y73.982422 Z24.000000 F400.000000
G01 X104.124023 Y74.106445 Z24.000000 F400.000000
G01 X104.000000 Y73.982422 Z24.000000 F400.000000
G01 X104.124023 Y73.858398 Z24.000000 F400.000000
G00 Z32.000000
G00 Z32.000000
G00 X104.992188 Y73.982422
G01 Z24.000000 F400.0(Penetrate)
G01 X106.728516 Y73.982422 Z24.000000 F400.000000
G00 Z32.000000
G00 Z32.000000
G00 X104.124023 Y74.974609
G01 Z24.000000 F400.0(Penetrate)
G01 X106.728516 Y74.974609 Z24.000000 F400.000000
G00 Z32.000000
G00 Z32.000000
G00 X104.124023 Y75.966797
G01 Z24.000000 F400.0(Penetrate)
G01 X106.728516 Y75.966797 Z24.000000 F400.000000
G00 Z32.000000
G00 Z32.000000
G00 X104.124023 Y78.943359
G01 Z24.000000 F400.0(Penetrate)
G01 X106.728516 Y78.943359 Z24.000000 F400.000000
G00 Z32.000000
G00 Z32.000000
G00 X105.364258 Y78.943359
G01 Z24.000000 F400.0(Penetrate)
G01 X105.116211 Y79.191406 Z24.000000 F400.000000
G01 X104.992188 Y79.439453 Z24.000000 F400.000000
G01 X104.992188 Y79.811523 Z24.000000 F400.000000
G01 X105.116211 Y80.059570 Z24.000000 F400.000000
G01 X105.364258 Y80.307617 Z24.000000 F400.000000
G01 X105.736328 Y80.431641 Z24.000000 F400.000000
G01 X105.984375 Y80.431641 Z24.000000 F400.000000
G01 X106.356445 Y80.307617 Z24.000000 F400.000000
G01 X106.604492 Y80.059570 Z24.000000 F400.000000
G01 X106.728516 Y79.811523 Z24.000000 F400.000000
G01 X106.728516 Y79.439453 Z24.000000 F400.000000
G01 X106.604492 Y79.191406 Z24.000000 F400.000000
G01 X106.356445 Y78.943359 Z24.000000 F400.000000
G00 Z32.000000
G00 Z32.000000
G00 X105.736328 Y81.175781
G01 Z24.000000 F400.0(Penetrate)
G01 X105.736328 Y82.664062 Z24.000000 F400.000000
G01 X105.488281 Y82.664062 Z24.000000 F400.000000
G01 X105.240234 Y82.540039 Z24.000000 F400.000000
G01 X105.116211 Y82.416016 Z24.000000 F400.000000
G01 X104.992188 Y82.167969 Z24.000000 F400.000000
G01 X104.992188 Y81.795898 Z24.000000 F400.000000
G01 X105.116211 Y81.547852 Z24.000000 F400.000000
G01 X105.364258 Y81.299805 Z24.000000 F400.000000
G01 X105.736328 Y81.175781 Z24.000000 F400.000000
G01 X105.984375 Y81.175781 Z24.000000 F400.000000
G01 X106.356445 Y81.299805 Z24.000000 F400.000000
G01 X106.604492 Y81.547852 Z24.000000 F400.000000
G01 X106.728516 Y81.795898 Z24.000000 F400.000000
G01 X106.728516 Y82.167969 Z24.000000 F400.000000
G01 X106.604492 Y82.416016 Z24.000000 F400.000000
G01 X106.356445 Y82.664062 Z24.000000 F400.000000
G00 Z32.000000
G00 Z32.000000
G00 X104.992188 Y85.516602
G01 Z24.000000 F400.0(Penetrate)
G01 X106.728516 Y85.516602 Z24.000000 F400.000000
G00 Z32.000000
G00 Z32.000000
G00 X105.488281 Y85.516602
G01 Z24.000000 F400.0(Penetrate)
G01 X105.116211 Y85.888672 Z24.000000 F400.000000
G01 X104.992188 Y86.136719 Z24.000000 F400.000000
G01 X104.992188 Y86.508789 Z24.000000 F400.000000
G01 X105.116211 Y86.756836 Z24.000000 F400.000000
G01 X105.488281 Y86.880859 Z24.000000 F400.000000
G01 X106.728516 Y86.880859 Z24.000000 F400.000000
G00 Z32.000000
G00 Z32.000000
G00 X105.488281 Y86.880859
G01 Z24.000000 F400.0(Penetrate)
G01 X105.116211 Y87.252930 Z24.000000 F400.000000
G01 X104.992188 Y87.500977 Z24.000000 F400.000000
G01 X104.992188 Y87.873047 Z24.000000 F400.000000
G01 X105.116211 Y88.121094 Z24.000000 F400.000000
G01 X105.488281 Y88.245117 Z24.000000 F400.000000
G01 X106.728516 Y88.245117 Z24.000000 F400.000000
G00 Z32.000000
G00 Z32.000000
G00 X104.992188 Y88.989258
G01 Z24.000000 F400.0(Penetrate)
G01 X106.728516 Y89.733398 Z24.000000 F400.000000
G00 Z32.000000
G00 Z32.000000
G00 X104.992188 Y90.477539
G01 Z24.000000 F400.0(Penetrate)
G01 X106.728516 Y89.733398 Z24.000000 F400.000000
G01 X107.224609 Y89.485352 Z24.000000 F400.000000
G01 X107.472656 Y89.237305 Z24.000000 F400.000000
G01 X107.596680 Y88.989258 Z24.000000 F400.000000
G01 X107.596680 Y88.865234 Z24.000000 F400.000000
G00 Z32.000000
G00 Z32.000000
G00 X104.992188 Y93.206055
G01 Z24.000000 F400.0(Penetrate)
G01 X106.728516 Y93.206055 Z24.000000 F400.000000
G00 Z32.000000
G00 Z32.000000
G00 X105.488281 Y93.206055
G01 Z24.000000 F400.0(Penetrate)
G01 X105.116211 Y93.578125 Z24.000000 F400.000000
G01 X104.992188 Y93.826172 Z24.000000 F400.000000
G01 X104.992188 Y94.198242 Z24.000000 F400.000000
G01 X105.116211 Y94.446289 Z24.000000 F400.000000
G01 X105.488281 Y94.570312 Z24.000000 F400.000000
G01 X106.728516 Y94.570312 Z24.000000 F400.000000
G00 Z32.000000
G00 Z32.000000
G00 X105.736328 Y95.438477
G01 Z24.000000 F400.0(Penetrate)
G01 X105.736328 Y96.926758 Z24.000000 F400.000000
G01 X105.488281 Y96.926758 Z24.000000 F400.000000
G01 X105.240234 Y96.802734 Z24.000000 F400.000000
G01 X105.116211 Y96.678711 Z24.000000 F400.000000
G01 X104.992188 Y96.430664 Z24.000000 F400.000000
G01 X104.992188 Y96.058594 Z24.000000 F400.000000
G01 X105.116211 Y95.810547 Z24.000000 F400.000000
G01 X105.364258 Y95.562500 Z24.000000 F400.000000
G01 X105.736328 Y95.438477 Z24.000000 F400.000000
G01 X105.984375 Y95.438477 Z24.000000 F400.000000
G01 X106.356445 Y95.562500 Z24.000000 F400.000000
G01 X106.604492 Y95.810547 Z24.000000 F400.000000
G01 X106.728516 Y96.058594 Z24.000000 F400.000000
G01 X106.728516 Y96.430664 Z24.000000 F400.000000
G01 X106.604492 Y96.678711 Z24.000000 F400.000000
G01 X106.356445 Y96.926758 Z24.000000 F400.000000
G00 Z32.000000
G00 Z32.000000
G00 X104.992188 Y97.670898
G01 Z24.000000 F400.0(Penetrate)
G01 X106.728516 Y99.035156 Z24.000000 F400.000000
G00 Z32.000000
G00 Z32.000000
G00 X104.992188 Y99.035156
G01 Z24.000000 F400.0(Penetrate)
G01 X106.728516 Y97.670898 Z24.000000 F400.000000
G00 Z32.000000
G00 Z32.000000
G00 X104.124023 Y100.027344
G01 Z24.000000 F400.0(Penetrate)
G01 X106.232422 Y100.027344 Z24.000000 F400.000000
G01 X106.604492 Y100.151367 Z24.000000 F400.000000
G01 X106.728516 Y100.399414 Z24.000000 F400.000000
G01 X106.728516 Y100.647461 Z24.000000 F400.000000
G00 Z32.000000
G00 Z32.000000
G00 X104.992188 Y99.655273
G01 Z24.000000 F400.0(Penetrate)
G01 X104.992188 Y100.523438 Z24.000000 F400.000000
G00 Z32.000000
G00 Z32.000000
G00 X104.992188 Y104.740234
G01 Z24.000000 F400.0(Penetrate)
G01 X106.976562 Y104.740234 Z24.000000 F400.000000
G01 X107.348633 Y104.616211 Z24.000000 F400.000000
G01 X107.472656 Y104.492188 Z24.000000 F400.000000
G01 X107.596680 Y104.244141 Z24.000000 F400.000000
G01 X107.596680 Y103.872070 Z24.000000 F400.000000
G01 X107.472656 Y103.624023 Z24.000000 F400.000000
G00 Z32.000000
G00 Z32.000000
G00 X105.364258 Y104.740234
G01 Z24.000000 F400.0(Penetrate)
G01 X105.116211 Y104.492188 Z24.000000 F400.000000
G01 X104.992188 Y104.244141 Z24.000000 F400.000000
G01 X104.992188 Y103.872070 Z24.000000 F400.000000
G01 X105.116211 Y103.624023 Z24.000000 F400.000000
G01 X105.364258 Y103.375977 Z24.000000 F400.000000
G01 X105.736328 Y103.251953 Z24.000000 F400.000000
G01 X105.984375 Y103.251953 Z24.000000 F400.000000
G01 X106.356445 Y103.375977 Z24.000000 F400.000000
G01 X106.604492 Y103.624023 Z24.000000 F400.000000
G01 X106.728516 Y103.872070 Z24.000000 F400.000000
G01 X106.728516 Y104.244141 Z24.000000 F400.000000
G01 X106.604492 Y104.492188 Z24.000000 F400.000000
G01 X106.356445 Y104.740234 Z24.000000 F400.000000
G00 Z32.000000
G00 Z32.000000
G00 X104.992188 Y106.228516
G01 Z24.000000 F400.0(Penetrate)
G01 X105.116211 Y105.980469 Z24.000000 F400.000000
G01 X105.364258 Y105.732422 Z24.000000 F400.000000
G01 X105.736328 Y105.608398 Z24.000000 F400.000000
G01 X105.984375 Y105.608398 Z24.000000 F400.000000
G01 X106.356445 Y105.732422 Z24.000000 F400.000000
G01 X106.604492 Y105.980469 Z24.000000 F400.000000
G01 X106.728516 Y106.228516 Z24.000000 F400.000000
G01 X106.728516 Y106.600586 Z24.000000 F400.000000
G01 X106.604492 Y106.848633 Z24.000000 F400.000000
G01 X106.356445 Y107.096680 Z24.000000 F400.000000
G01 X105.984375 Y107.220703 Z24.000000 F400.000000
G01 X105.736328 Y107.220703 Z24.000000 F400.000000
G01 X105.364258 Y107.096680 Z24.000000 F400.000000
G01 X105.116211 Y106.848633 Z24.000000 F400.000000
G01 X104.992188 Y106.600586 Z24.000000 F400.000000
G01 X104.992188 Y106.228516 Z24.000000 F400.000000
G00 Z32.000000
G00 Z32.000000
G00 X104.992188 Y109.453125
G01 Z24.000000 F400.0(Penetrate)
G01 X106.728516 Y109.453125 Z24.000000 F400.000000
G00 Z32.000000
G00 Z32.000000
G00 X105.364258 Y109.453125
G01 Z24.000000 F400.0(Penetrate)
G01 X105.116211 Y109.205078 Z24.000000 F400.000000
G01 X104.992188 Y108.957031 Z24.000000 F400.000000
G01 X104.992188 Y108.584961 Z24.000000 F400.000000
G01 X105.116211 Y108.336914 Z24.000000 F400.000000
G01 X105.364258 Y108.088867 Z24.000000 F400.000000
G01 X105.736328 Y107.964844 Z24.000000 F400.000000
G01 X105.984375 Y107.964844 Z24.000000 F400.000000
G01 X106.356445 Y108.088867 Z24.000000 F400.000000
G01 X106.604492 Y108.336914 Z24.000000 F400.000000
G01 X106.728516 Y108.584961 Z24.000000 F400.000000
G01 X106.728516 Y108.957031 Z24.000000 F400.000000
G01 X106.604492 Y109.205078 Z24.000000 F400.000000
G01 X106.356445 Y109.453125 Z24.000000 F400.000000
G00 Z32.000000
G00 Z32.000000
G00 X104.124023 Y110.445312
G01 Z24.000000 F400.0(Penetrate)
G01 X106.728516 Y110.445312 Z24.000000 F400.000000
G00 Z32.000000
G00 Z32.000000
G00 X106.108398 Y111.437500
G01 Z24.000000 F400.0(Penetrate)
G01 X106.232422 Y111.313477 Z24.000000 F400.000000
G01 X106.356445 Y111.437500 Z24.000000 F400.000000
G01 X106.232422 Y111.561523 Z24.000000 F400.000000
G01 X106.108398 Y111.437500 Z24.000000 F400.000000
G00 Z32.000000
G00 Z32.000000
G00 X104.124023 Y114.414062
G01 Z24.000000 F400.0(Penetrate)
G01 X106.728516 Y114.414062 Z24.000000 F400.000000
G00 Z32.000000
G00 Z32.000000
G00 X104.992188 Y118.754883
G01 Z24.000000 F400.0(Penetrate)
G01 X106.728516 Y118.754883 Z24.000000 F400.000000
G00 Z32.000000
G00 Z32.000000
G00 X105.364258 Y118.754883
G01 Z24.000000 F400.0(Penetrate)
G01 X105.116211 Y118.506836 Z24.000000 F400.000000
G01 X104.992188 Y118.258789 Z24.000000 F400.000000
G01 X104.992188 Y117.886719 Z24.000000 F400.000000
G01 X105.116211 Y117.638672 Z24.000000 F400.000000
G01 X105.364258 Y117.390625 Z24.000000 F400.000000
G01 X105.736328 Y117.266602 Z24.000000 F400.000000
G01 X105.984375 Y117.266602 Z24.000000 F400.000000
G01 X106.356445 Y117.390625 Z24.000000 F400.000000
G01 X106.604492 Y117.638672 Z24.000000 F400.000000
G01 X106.728516 Y117.886719 Z24.000000 F400.000000
G01 X106.728516 Y118.258789 Z24.000000 F400.000000
G01 X106.604492 Y118.506836 Z24.000000 F400.000000
G01 X106.356445 Y118.754883 Z24.000000 F400.000000
G00 Z32.000000
G00 Z32.000000
G00 X104.124023 Y119.747070
G01 Z24.000000 F400.0(Penetrate)
G01 X106.728516 Y119.747070 Z24.000000 F400.000000
G00 Z32.000000
G00 Z32.000000
G00 X105.364258 Y121.979492
G01 Z24.000000 F400.0(Penetrate)
G01 X105.116211 Y121.855469 Z24.000000 F400.000000
G01 X104.992188 Y121.483398 Z24.000000 F400.000000
G01 X104.992188 Y121.111328 Z24.000000 F400.000000
G01 X105.116211 Y120.739258 Z24.000000 F400.000000
G01 X105.364258 Y120.615234 Z24.000000 F400.000000
G01 X105.612305 Y120.739258 Z24.000000 F400.000000
G01 X105.736328 Y120.987305 Z24.000000 F400.000000
G01 X105.860352 Y121.607422 Z24.000000 F400.000000
G01 X105.984375 Y121.855469 Z24.000000 F400.000000
G01 X106.232422 Y121.979492 Z24.000000 F400.000000
G01 X106.356445 Y121.979492 Z24.000000 F400.000000
G01 X106.604492 Y121.855469 Z24.000000 F400.000000
G01 X106.728516 Y121.483398 Z24.000000 F400.000000
G01 X106.728516 Y121.111328 Z24.000000 F400.000000
G01 X106.604492 Y120.739258 Z24.000000 F400.000000
G01 X106.356445 Y120.615234 Z24.000000 F400.000000
G00 Z32.000000
G00 Z32.000000
G00 X104.992188 Y123.343750
G01 Z24.000000 F400.0(Penetrate)
G01 X105.116211 Y123.095703 Z24.000000 F400.000000
G01 X105.364258 Y122.847656 Z24.000000 F400.000000
G01 X105.736328 Y122.723633 Z24.000000 F400.000000
G01 X105.984375 Y122.723633 Z24.000000 F400.000000
G01 X106.356445 Y122.847656 Z24.000000 F400.000000
G01 X106.604492 Y123.095703 Z24.000000 F400.000000
G01 X106.728516 Y123.343750 Z24.000000 F400.000000
G01 X106.728516 Y123.715820 Z24.000000 F400.000000
G01 X106.604492 Y123.963867 Z24.000000 F400.000000
G01 X106.356445 Y124.211914 Z24.000000 F400.000000
G01 X105.984375 Y124.335938 Z24.000000 F400.000000
G01 X105.736328 Y124.335938 Z24.000000 F400.000000
G01 X105.364258 Y124.211914 Z24.000000 F400.000000
G01 X105.116211 Y123.963867 Z24.000000 F400.000000
G01 X104.992188 Y123.715820 Z24.000000 F400.000000
G01 X104.992188 Y123.343750 Z24.000000 F400.000000
G00 Z32.000000
G00 Z32.000000
G00 X104.992188 Y127.188477
G01 Z24.000000 F400.0(Penetrate)
G01 X106.728516 Y127.188477 Z24.000000 F400.000000
G00 Z32.000000
G00 Z32.000000
G00 X105.488281 Y127.188477
G01 Z24.000000 F400.0(Penetrate)
G01 X105.116211 Y127.560547 Z24.000000 F400.000000
G01 X104.992187 Y127.808594 Z24.000000 F400.000000
G01 X104.992187 Y128.180664 Z24.000000 F400.000000
G01 X105.116211 Y128.428711 Z24.000000 F400.000000
G01 X105.488281 Y128.552734 Z24.000000 F400.000000
G01 X106.728516 Y128.552734 Z24.000000 F400.000000
G00 Z32.000000
G00 Z32.000000
G00 X105.736328 Y129.420898
G01 Z24.000000 F400.0(Penetrate)
G01 X105.736328 Y130.909180 Z24.000000 F400.000000
G01 X105.488281 Y130.909180 Z24.000000 F400.000000
G01 X105.240234 Y130.785156 Z24.000000 F400.000000
G01 X105.116211 Y130.661133 Z24.000000 F400.000000
G01 X104.992187 Y130.413086 Z24.000000 F400.000000
G01 X104.992187 Y130.041016 Z24.000000 F400.000000
G01 X105.116211 Y129.792969 Z24.000000 F400.000000
G01 X105.364258 Y129.544922 Z24.000000 F400.000000
G01 X105.736328 Y129.420898 Z24.000000 F400.000000
G01 X105.984375 Y129.420898 Z24.000000 F400.000000
G01 X106.356445 Y129.544922 Z24.000000 F400.000000
G01 X106.604492 Y129.792969 Z24.000000 F400.000000
G01 X106.728516 Y130.041016 Z24.000000 F400.000000
G01 X106.728516 Y130.413086 Z24.000000 F400.000000
G01 X106.604492 Y130.661133 Z24.000000 F400.000000
G01 X106.356445 Y130.909180 Z24.000000 F400.000000
G00 Z32.000000
G00 Z32.000000
G00 X105.736328 Y131.653320
G01 Z24.000000 F400.0(Penetrate)
G01 X105.736328 Y133.141602 Z24.000000 F400.000000
G01 X105.488281 Y133.141602 Z24.000000 F400.000000
G01 X105.240234 Y133.017578 Z24.000000 F400.000000
G01 X105.116211 Y132.893555 Z24.000000 F400.000000
G01 X104.992187 Y132.645508 Z24.000000 F400.000000
G01 X104.992187 Y132.273438 Z24.000000 F400.000000
G01 X105.116211 Y132.025391 Z24.000000 F400.000000
G01 X105.364258 Y131.777344 Z24.000000 F400.000000
G01 X105.736328 Y131.653320 Z24.000000 F400.000000
G01 X105.984375 Y131.653320 Z24.000000 F400.000000
G01 X106.356445 Y131.777344 Z24.000000 F400.000000
G01 X106.604492 Y132.025391 Z24.000000 F400.000000
G01 X106.728516 Y132.273438 Z24.000000 F400.000000
G01 X106.728516 Y132.645508 Z24.000000 F400.000000
G01 X106.604492 Y132.893555 Z24.000000 F400.000000
G01 X106.356445 Y133.141602 Z24.000000 F400.000000
G00 Z32.000000
G00 Z32.000000
G00 X104.124023 Y135.374023
G01 Z24.000000 F400.0(Penetrate)
G01 X106.728516 Y135.374023 Z24.000000 F400.000000
G00 Z32.000000
G00 Z32.000000
G00 X105.364258 Y135.374023
G01 Z24.000000 F400.0(Penetrate)
G01 X105.116211 Y135.125977 Z24.000000 F400.000000
G01 X104.992187 Y134.877930 Z24.000000 F400.000000
G01 X104.992187 Y134.505859 Z24.000000 F400.000000
G01 X105.116211 Y134.257812 Z24.000000 F400.000000
G01 X105.364258 Y134.009766 Z24.000000 F400.000000
G01 X105.736328 Y133.885742 Z24.000000 F400.000000
G01 X105.984375 Y133.885742 Z24.000000 F400.000000
G01 X106.356445 Y134.009766 Z24.000000 F400.000000
G01 X106.604492 Y134.257812 Z24.000000 F400.000000
G01 X106.728516 Y134.505859 Z24.000000 F400.000000
G01 X106.728516 Y134.877930 Z24.000000 F400.000000
G01 X106.604492 Y135.125977 Z24.000000 F400.000000
G01 X106.356445 Y135.374023 Z24.000000 F400.000000
G00 Z32.000000
G00 Z32.000000
G00 X98.124023 Y40.372070
G01 Z24.000000 F400.0(Penetrate)
G01 X100.232422 Y40.372070 Z24.000000 F400.000000
G01 X100.604492 Y40.496094 Z24.000000 F400.000000
G01 X100.728516 Y40.744141 Z24.000000 F400.000000
G01 X100.728516 Y40.992188 Z24.000000 F400.000000
G00 Z32.000000
G00 Z32.000000
G00 X98.992188 Y40.000000
G01 Z24.000000 F400.0(Penetrate)
G01 X98.992188 Y40.868164 Z24.000000 F400.000000
G00 Z32.000000
G00 Z32.000000
G00 X98.992188 Y42.232422
G01 Z24.000000 F400.0(Penetrate)
G01 X99.116211 Y41.984375 Z24.000000 F400.000000
G01 X99.364258 Y41.736328 Z24.000000 F400.000000
G01 X99.736328 Y41.612305 Z24.000000 F400.000000
G01 X99.984375 Y41.612305 Z24.000000 F400.000000
G01 X100.356445 Y41.736328 Z24.000000 F400.000000
G01 X100.604492 Y41.984375 Z24.000000 F400.000000
G01 X100.728516 Y42.232422 Z24.000000 F400.000000
G01 X100.728516 Y42.604492 Z24.000000 F400.000000
G01 X100.604492 Y42.852539 Z24.000000 F400.000000
G01 X100.356445 Y43.100586 Z24.000000 F400.000000
G01 X99.984375 Y43.224609 Z24.000000 F400.000000
G01 X99.736328 Y43.224609 Z24.000000 F400.000000
G01 X99.364258 Y43.100586 Z24.000000 F400.000000
G01 X99.116211 Y42.852539 Z24.000000 F400.000000
G01 X98.992188 Y42.604492 Z24.000000 F400.000000
G01 X98.992188 Y42.232422 Z24.000000 F400.000000
G00 Z32.000000
G00 Z32.000000
G00 X98.992188 Y46.077148
G01 Z24.000000 F400.0(Penetrate)
G01 X100.728516 Y46.077148 Z24.000000 F400.000000
G00 Z32.000000
G00 Z32.000000
G00 X99.736328 Y46.077148
G01 Z24.000000 F400.0(Penetrate)
G01 X99.364258 Y46.201172 Z24.000000 F400.000000
G01 X99.116211 Y46.449219 Z24.000000 F400.000000
G01 X98.992188 Y46.697266 Z24.000000 F400.000000
G01 X98.992188 Y47.069336 Z24.000000 F400.000000
G00 Z32.000000
G00 Z32.000000
G00 X99.736328 Y47.565430
G01 Z24.000000 F400.0(Penetrate)
G01 X99.736328 Y49.053711 Z24.000000 F400.000000
G01 X99.488281 Y49.053711 Z24.000000 F400.000000
G01 X99.240234 Y48.929688 Z24.000000 F400.000000
G01 X99.116211 Y48.805664 Z24.000000 F400.000000
G01 X98.992188 Y48.557617 Z24.000000 F400.000000
G01 X98.992188 Y48.185547 Z24.000000 F400.000000
G01 X99.116211 Y47.937500 Z24.000000 F400.000000
G01 X99.364258 Y47.689453 Z24.000000 F400.000000
G01 X99.736328 Y47.565430 Z24.000000 F400.000000
G01 X99.984375 Y47.565430 Z24.000000 F400.000000
G01 X100.356445 Y47.689453 Z24.000000 F400.000000
G01 X100.604492 Y47.937500 Z24.000000 F400.000000
G01 X100.728516 Y48.185547 Z24.000000 F400.000000
G01 X100.728516 Y48.557617 Z24.000000 F400.000000
G01 X100.604492 Y48.805664 Z24.000000 F400.000000
G01 X100.356445 Y49.053711 Z24.000000 F400.000000
G00 Z32.000000
G00 Z32.000000
G00 X98.992188 Y51.286133
G01 Z24.000000 F400.0(Penetrate)
G01 X100.728516 Y51.286133 Z24.000000 F400.000000
G00 Z32.000000
G00 Z32.000000
G00 X99.364258 Y51.286133
G01 Z24.000000 F400.0(Penetrate)
G01 X99.116211 Y51.038086 Z24.000000 F400.000000
G01 X98.992188 Y50.790039 Z24.000000 F400.000000
G01 X98.992188 Y50.417969 Z24.000000 F400.000000
G01 X99.116211 Y50.169922 Z24.000000 F400.000000
G01 X99.364258 Y49.921875 Z24.000000 F400.000000
G01 X99.736328 Y49.797852 Z24.000000 F400.000000
G01 X99.984375 Y49.797852 Z24.000000 F400.000000
G01 X100.356445 Y49.921875 Z24.000000 F400.000000
G01 X100.604492 Y50.169922 Z24.000000 F400.000000
G01 X100.728516 Y50.417969 Z24.000000 F400.000000
G01 X100.728516 Y50.790039 Z24.000000 F400.000000
G01 X100.604492 Y51.038086 Z24.000000 F400.000000
G01 X100.356445 Y51.286133 Z24.000000 F400.000000
G00 Z32.000000
G00 Z32.000000
G00 X98.124023 Y53.642578
G01 Z24.000000 F400.0(Penetrate)
G01 X100.728516 Y53.642578 Z24.000000 F400.000000
G00 Z32.000000
G00 Z32.000000
G00 X99.364258 Y53.642578
G01 Z24.000000 F400.0(Penetrate)
G01 X99.116211 Y53.394531 Z24.000000 F400.000000
G01 X98.992188 Y53.146484 Z24.000000 F400.000000
G01 X98.992188 Y52.774414 Z24.000000 F400.000000
G01 X99.116211 Y52.526367 Z24.000000 F400.000000
G01 X99.364258 Y52.278320 Z24.000000 F400.000000
G01 X99.736328 Y52.154297 Z24.000000 F400.000000
G01 X99.984375 Y52.154297 Z24.000000 F400.000000
G01 X100.356445 Y52.278320 Z24.000000 F400.000000
G01 X100.604492 Y52.526367 Z24.000000 F400.000000
G01 X100.728516 Y52.774414 Z24.000000 F400.000000
G01 X100.728516 Y53.146484 Z24.000000 F400.000000
G01 X100.604492 Y53.394531 Z24.000000 F400.000000
G01 X100.356445 Y53.642578 Z24.000000 F400.000000
G00 Z32.000000
G00 Z32.000000
G00 X100.108398 Y54.634766
G01 Z24.000000 F400.0(Penetrate)
G01 X100.232422 Y54.510742 Z24.000000 F400.000000
G01 X100.356445 Y54.634766 Z24.000000 F400.000000
G01 X100.232422 Y54.758789 Z24.000000 F400.000000
G01 X100.108398 Y54.634766 Z24.000000 F400.000000
G00 Z32.000000
G00 Z32.000000
G00 X98.124023 Y57.611328
G01 Z24.000000 F400.0(Penetrate)
G01 X100.728516 Y57.611328 Z24.000000 F400.000000
G00 Z32.000000
G00 Z32.000000
G00 X98.992188 Y60.587891
G01 Z24.000000 F400.0(Penetrate)
G01 X100.728516 Y60.587891 Z24.000000 F400.000000
G00 Z32.000000
G00 Z32.000000
G00 X99.488281 Y60.587891
G01 Z24.000000 F400.0(Penetrate)
G01 X99.116211 Y60.959961 Z24.000000 F400.000000
G01 X98.992188 Y61.208008 Z24.000000 F400.000000
G01 X98.992188 Y61.580078 Z24.000000 F400.000000
G01 X99.116211 Y61.828125 Z24.000000 F400.000000
G01 X99.488281 Y61.952148 Z24.000000 F400.000000
G01 X100.728516 Y61.952148 Z24.000000 F400.000000
G00 Z32.000000
G00 Z32.000000
G00 X99.736328 Y62.820312
G01 Z24.000000 F400.0(Penetrate)
G01 X99.736328 Y64.308594 Z24.000000 F400.000000
G01 X99.488281 Y64.308594 Z24.000000 F400.000000
G01 X99.240234 Y64.184570 Z24.000000 F400.000000
G01 X99.116211 Y64.060547 Z24.000000 F400.000000
G01 X98.992188 Y63.812500 Z24.000000 F400.000000
G01 X98.992188 Y63.440430 Z24.000000 F400.000000
G01 X99.116211 Y63.192383 Z24.000000 F400.000000
G01 X99.364258 Y62.944336 Z24.000000 F400.000000
G01 X99.736328 Y62.820312 Z24.000000 F400.000000
G01 X99.984375 Y62.820312 Z24.000000 F400.000000
G01 X100.356445 Y62.944336 Z24.000000 F400.000000
G01 X100.604492 Y63.192383 Z24.000000 F400.000000
G01 X100.728516 Y63.440430 Z24.000000 F400.000000
G01 X100.728516 Y63.812500 Z24.000000 F400.000000
G01 X100.604492 Y64.060547 Z24.000000 F400.000000
G01 X100.356445 Y64.308594 Z24.000000 F400.000000
G00 Z32.000000
G00 Z32.000000
G00 X99.736328 Y65.052734
G01 Z24.000000 F400.0(Penetrate)
G01 X99.736328 Y66.541016 Z24.000000 F400.000000
G01 X99.488281 Y66.541016 Z24.000000 F400.000000
G01 X99.240234 Y66.416992 Z24.000000 F400.000000
G01 X99.116211 Y66.292969 Z24.000000 F400.000000
G01 X98.992188 Y66.044922 Z24.000000 F400.000000
G01 X98.992188 Y65.672852 Z24.000000 F400.000000
G01 X99.116211 Y65.424805 Z24.000000 F400.000000
G01 X99.364258 Y65.176758 Z24.000000 F400.000000
G01 X99.736328 Y65.052734 Z24.000000 F400.000000
G01 X99.984375 Y65.052734 Z24.000000 F400.000000
G01 X100.356445 Y65.176758 Z24.000000 F400.000000
G01 X100.604492 Y65.424805 Z24.000000 F400.000000
G01 X100.728516 Y65.672852 Z24.000000 F400.000000
G01 X100.728516 Y66.044922 Z24.000000 F400.000000
G01 X100.604492 Y66.292969 Z24.000000 F400.000000
G01 X100.356445 Y66.541016 Z24.000000 F400.000000
G00 Z32.000000
G00 Z32.000000
G00 X98.124023 Y68.773438
G01 Z24.000000 F400.0(Penetrate)
G01 X100.728516 Y68.773438 Z24.000000 F400.000000
G00 Z32.000000
G00 Z32.000000
G00 X99.364258 Y68.773438
G01 Z24.000000 F400.0(Penetrate)
G01 X99.116211 Y68.525391 Z24.000000 F400.000000
G01 X98.992188 Y68.277344 Z24.000000 F400.000000
G01 X98.992188 Y67.905273 Z24.000000 F400.000000
G01 X99.116211 Y67.657227 Z24.000000 F400.000000
G01 X99.364258 Y67.409180 Z24.000000 F400.000000
G01 X99.736328 Y67.285156 Z24.000000 F400.000000
G01 X99.984375 Y67.285156 Z24.000000 F400.000000
G01 X100.356445 Y67.409180 Z24.000000 F400.000000
G01 X100.604492 Y67.657227 Z24.000000 F400.000000
G01 X100.728516 Y67.905273 Z24.000000 F400.000000
G01 X100.728516 Y68.277344 Z24.000000 F400.000000
G01 X100.604492 Y68.525391 Z24.000000 F400.000000
G01 X100.356445 Y68.773438 Z24.000000 F400.000000
G00 Z32.000000
G00 Z32.000000
G00 X98.124023 Y71.874023
G01 Z24.000000 F400.0(Penetrate)
G01 X100.232422 Y71.874023 Z24.000000 F400.000000
G01 X100.604492 Y71.998047 Z24.000000 F400.000000
G01 X100.728516 Y72.246094 Z24.000000 F400.000000
G01 X100.728516 Y72.494141 Z24.000000 F400.000000
G00 Z32.000000
G00 Z32.000000
G00 X98.992188 Y71.501953
G01 Z24.000000 F400.0(Penetrate)
G01 X98.992188 Y72.370117 Z24.000000 F400.000000
G00 Z32.000000
G00 Z32.000000
G00 X98.992188 Y73.734375
G01 Z24.000000 F400.0(Penetrate)
G01 X99.116211 Y73.486328 Z24.000000 F400.000000
G01 X99.364258 Y73.238281 Z24.000000 F400.000000
G01 X99.736328 Y73.114258 Z24.000000 F400.000000
G01 X99.984375 Y73.114258 Z24.000000 F400.000000
G01 X100.356445 Y73.238281 Z24.000000 F400.000000
G01 X100.604492 Y73.486328 Z24.000000 F400.000000
G01 X100.728516 Y73.734375 Z24.000000 F400.000000
G01 X100.728516 Y74.106445 Z24.000000 F400.000000
G01 X100.604492 Y74.354492 Z24.000000 F400.000000
G01 X100.356445 Y74.602539 Z24.000000 F400.000000
G01 X99.984375 Y74.726562 Z24.000000 F400.000000
G01 X99.736328 Y74.726562 Z24.000000 F400.000000
G01 X99.364258 Y74.602539 Z24.000000 F400.000000
G01 X99.116211 Y74.354492 Z24.000000 F400.000000
G01 X98.992188 Y74.106445 Z24.000000 F400.000000
G01 X98.992188 Y73.734375 Z24.000000 F400.000000
G00 Z32.000000
G00 Z32.000000
G00 X98.124023 Y77.455078
G01 Z24.000000 F400.0(Penetrate)
G01 X98.248047 Y77.579102 Z24.000000 F400.000000
G01 X98.124023 Y77.703125 Z24.000000 F400.000000
G01 X98.000000 Y77.579102 Z24.000000 F400.000000
G01 X98.124023 Y77.455078 Z24.000000 F400.000000
G00 Z32.000000
G00 Z32.000000
G00 X98.992188 Y77.579102
G01 Z24.000000 F400.0(Penetrate)
G01 X100.728516 Y77.579102 Z24.000000 F400.000000
G00 Z32.000000
G00 Z32.000000
G00 X98.992188 Y78.571289
G01 Z24.000000 F400.0(Penetrate)
G01 X100.728516 Y78.571289 Z24.000000 F400.000000
G00 Z32.000000
G00 Z32.000000
G00 X99.488281 Y78.571289
G01 Z24.000000 F400.0(Penetrate)
G01 X99.116211 Y78.943359 Z24.000000 F400.000000
G01 X98.992188 Y79.191406 Z24.000000 F400.000000
G01 X98.992188 Y79.563477 Z24.000000 F400.000000
G01 X99.116211 Y79.811523 Z24.000000 F400.000000
G01 X99.488281 Y79.935547 Z24.000000 F400.000000
G01 X100.728516 Y79.935547 Z24.000000 F400.000000
G00 Z32.000000
G00 Z32.000000
G00 X99.488281 Y79.935547
G01 Z24.000000 F400.0(Penetrate)
G01 X99.116211 Y80.307617 Z24.000000 F400.000000
G01 X98.992188 Y80.555664 Z24.000000 F400.000000
G01 X98.992188 Y80.927734 Z24.000000 F400.000000
G01 X99.116211 Y81.175781 Z24.000000 F400.000000
G01 X99.488281 Y81.299805 Z24.000000 F400.000000
G01 X100.728516 Y81.299805 Z24.000000 F400.000000
G00 Z32.000000
G00 Z32.000000
G00 X98.992188 Y82.291992
G01 Z24.000000 F400.0(Penetrate)
G01 X101.596680 Y82.291992 Z24.000000 F400.000000
G00 Z32.000000
G00 Z32.000000
G00 X99.364258 Y82.291992
G01 Z24.000000 F400.0(Penetrate)
G01 X99.116211 Y82.540039 Z24.000000 F400.000000
G01 X98.992188 Y82.788086 Z24.000000 F400.000000
G01 X98.992188 Y83.160156 Z24.000000 F400.000000
G01 X99.116211 Y83.408203 Z24.000000 F400.000000
G01 X99.364258 Y83.656250 Z24.000000 F400.000000
G01 X99.736328 Y83.780273 Z24.000000 F400.000000
G01 X99.984375 Y83.780273 Z24.000000 F400.000000
G01 X100.356445 Y83.656250 Z24.000000 F400.000000
G01 X100.604492 Y83.408203 Z24.000000 F400.000000
G01 X100.728516 Y83.160156 Z24.000000 F400.000000
G01 X100.728516 Y82.788086 Z24.000000 F400.000000
G01 X100.604492 Y82.540039 Z24.000000 F400.000000
G01 X100.356445 Y82.291992 Z24.000000 F400.000000
G00 Z32.000000
G00 Z32.000000
G00 X98.124023 Y84.648438
G01 Z24.000000 F400.0(Penetrate)
G01 X100.728516 Y84.648438 Z24.000000 F400.000000
G00 Z32.000000
G00 Z32.000000
G00 X99.736328 Y85.516602
G01 Z24.000000 F400.0(Penetrate)
G01 X99.736328 Y87.004883 Z24.000000 F400.000000
G01 X99.488281 Y87.004883 Z24.000000 F400.000000
G01 X99.240234 Y86.880859 Z24.000000 F400.000000
G01 X99.116211 Y86.756836 Z24.000000 F400.000000
G01 X98.992188 Y86.508789 Z24.000000 F400.000000
G01 X98.992188 Y86.136719 Z24.000000 F400.000000
G01 X99.116211 Y85.888672 Z24.000000 F400.000000
G01 X99.364258 Y85.640625 Z24.000000 F400.000000
G01 X99.736328 Y85.516602 Z24.000000 F400.000000
G01 X99.984375 Y85.516602 Z24.000000 F400.000000
G01 X100.356445 Y85.640625 Z24.000000 F400.000000
G01 X100.604492 Y85.888672 Z24.000000 F400.000000
G01 X100.728516 Y86.136719 Z24.000000 F400.000000
G01 X100.728516 Y86.508789 Z24.000000 F400.000000
G01 X100.604492 Y86.756836 Z24.000000 F400.000000
G01 X100.356445 Y87.004883 Z24.000000 F400.000000
G00 Z32.000000
G00 Z32.000000
G00 X98.992188 Y87.873047
G01 Z24.000000 F400.0(Penetrate)
G01 X100.728516 Y87.873047 Z24.000000 F400.000000
G00 Z32.000000
G00 Z32.000000
G00 X99.488281 Y87.873047
G01 Z24.000000 F400.0(Penetrate)
G01 X99.116211 Y88.245117 Z24.000000 F400.000000
G01 X98.992188 Y88.493164 Z24.000000 F400.000000
G01 X98.992188 Y88.865234 Z24.000000 F400.000000
G01 X99.116211 Y89.113281 Z24.000000 F400.000000
G01 X99.488281 Y89.237305 Z24.000000 F400.000000
G01 X100.728516 Y89.237305 Z24.000000 F400.000000
G00 Z32.000000
G00 Z32.000000
G00 X99.488281 Y89.237305
G01 Z24.000000 F400.0(Penetrate)
G01 X99.116211 Y89.609375 Z24.000000 F400.000000
G01 X98.992188 Y89.857422 Z24.000000 F400.000000
G01 X98.992188 Y90.229492 Z24.000000 F400.000000
G01 X99.116211 Y90.477539 Z24.000000 F400.000000
G01 X99.488281 Y90.601562 Z24.000000 F400.000000
G01 X100.728516 Y90.601562 Z24.000000 F400.000000
G00 Z32.000000
G00 Z32.000000
G00 X99.736328 Y91.469727
G01 Z24.000000 F400.0(Penetrate)
G01 X99.736328 Y92.958008 Z24.000000 F400.000000
G01 X99.488281 Y92.958008 Z24.000000 F400.000000
G01 X99.240234 Y92.833984 Z24.000000 F400.000000
G01 X99.116211 Y92.709961 Z24.000000 F400.000000
G01 X98.992188 Y92.461914 Z24.000000 F400.000000
G01 X98.992188 Y92.089844 Z24.000000 F400.000000
G01 X99.116211 Y91.841797 Z24.000000 F400.000000
G01 X99.364258 Y91.593750 Z24.000000 F400.000000
G01 X99.736328 Y91.469727 Z24.000000 F400.000000
G01 X99.984375 Y91.469727 Z24.000000 F400.000000
G01 X100.356445 Y91.593750 Z24.000000 F400.000000
G01 X100.604492 Y91.841797 Z24.000000 F400.000000
G01 X100.728516 Y92.089844 Z24.000000 F400.000000
G01 X100.728516 Y92.461914 Z24.000000 F400.000000
G01 X100.604492 Y92.709961 Z24.000000 F400.000000
G01 X100.356445 Y92.958008 Z24.000000 F400.000000
G00 Z32.000000
G00 Z32.000000
G00 X98.992188 Y93.826172
G01 Z24.000000 F400.0(Penetrate)
G01 X100.728516 Y93.826172 Z24.000000 F400.000000
G00 Z32.000000
G00 Z32.000000
G00 X99.488281 Y93.826172
G01 Z24.000000 F400.0(Penetrate)
G01 X99.116211 Y94.198242 Z24.000000 F400.000000
G01 X98.992188 Y94.446289 Z24.000000 F400.000000
G01 X98.992188 Y94.818359 Z24.000000 F400.000000
G01 X99.116211 Y95.066406 Z24.000000 F400.000000
G01 X99.488281 Y95.190430 Z24.000000 F400.000000
G01 X100.728516 Y95.190430 Z24.000000 F400.000000
G00 Z32.000000
G00 Z32.000000
G00 X98.124023 Y96.306641
G01 Z24.000000 F400.0(Penetrate)
G01 X100.232422 Y96.306641 Z24.000000 F400.000000
G01 X100.604492 Y96.430664 Z24.000000 F400.000000
G01 X100.728516 Y96.678711 Z24.000000 F400.000000
G01 X100.728516 Y96.926758 Z24.000000 F400.000000
G00 Z32.000000
G00 Z32.000000
G00 X98.992188 Y95.934570
G01 Z24.000000 F400.0(Penetrate)
G01 X98.992188 Y96.802734 Z24.000000 F400.000000
G00 Z32.000000
G00 Z32.000000
G00 X98.124023 Y99.655273
G01 Z24.000000 F400.0(Penetrate)
G01 X100.728516 Y99.655273 Z24.000000 F400.000000
G00 Z32.000000
G00 Z32.000000
G00 X99.488281 Y99.655273
G01 Z24.000000 F400.0(Penetrate)
G01 X99.116211 Y100.027344 Z24.000000 F400.000000
G01 X98.992188 Y100.275391 Z24.000000 F400.000000
G01 X98.992188 Y100.647461 Z24.000000 F400.000000
G01 X99.116211 Y100.895508 Z24.000000 F400.000000
G01 X99.488281 Y101.019531 Z24.000000 F400.000000
G01 X100.728516 Y101.019531 Z24.000000 F400.000000
G00 Z32.000000
G00 Z32.000000
G00 X98.992188 Y102.011719
G01 Z24.000000 F400.0(Penetrate)
G01 X101.596680 Y102.011719 Z24.000000 F400.000000
G00 Z32.000000
G00 Z32.000000
G00 X99.364258 Y102.011719
G01 Z24.000000 F400.0(Penetrate)
G01 X99.116211 Y102.259766 Z24.000000 F400.000000
G01 X98.992188 Y102.507812 Z24.000000 F400.000000
G01 X98.992188 Y102.879883 Z24.000000 F400.000000
G01 X99.116211 Y103.127930 Z24.000000 F400.000000
G01 X99.364258 Y103.375977 Z24.000000 F400.000000
G01 X99.736328 Y103.500000 Z24.000000 F400.000000
G01 X99.984375 Y103.500000 Z24.000000 F400.000000
G01 X100.356445 Y103.375977 Z24.000000 F400.000000
G01 X100.604492 Y103.127930 Z24.000000 F400.000000
G01 X100.728516 Y102.879883 Z24.000000 F400.000000
G01 X100.728516 Y102.507812 Z24.000000 F400.000000
G01 X100.604492 Y102.259766 Z24.000000 F400.000000
G01 X100.356445 Y102.011719 Z24.000000 F400.000000
G00 Z32.000000
G00 Z32.000000
G00 X98.992188 Y104.368164
G01 Z24.000000 F400.0(Penetrate)
G01 X101.596680 Y104.368164 Z24.000000 F400.000000
G00 Z32.000000
G00 Z32.000000
G00 X99.364258 Y104.368164
G01 Z24.000000 F400.0(Penetrate)
G01 X99.116211 Y104.616211 Z24.000000 F400.000000
G01 X98.992188 Y104.864258 Z24.000000 F400.000000
G01 X98.992188 Y105.236328 Z24.000000 F400.000000
G01 X99.116211 Y105.484375 Z24.000000 F400.000000
G01 X99.364258 Y105.732422 Z24.000000 F400.000000
G01 X99.736328 Y105.856445 Z24.000000 F400.000000
G01 X99.984375 Y105.856445 Z24.000000 F400.000000
G01 X100.356445 Y105.732422 Z24.000000 F400.000000
G01 X100.604492 Y105.484375 Z24.000000 F400.000000
G01 X100.728516 Y105.236328 Z24.000000 F400.000000
G01 X100.728516 Y104.864258 Z24.000000 F400.000000
G01 X100.604492 Y104.616211 Z24.000000 F400.000000
G01 X100.356445 Y104.368164 Z24.000000 F400.000000
G00 Z32.000000
G00 Z32.000000
G00 X98.992188 Y106.724609
G01 Z24.000000 F400.0(Penetrate)
G01 X100.728516 Y106.724609 Z24.000000 F400.000000
G00 Z32.000000
G00 Z32.000000
G00 X99.488281 Y106.724609
G01 Z24.000000 F400.0(Penetrate)
G01 X99.116211 Y107.096680 Z24.000000 F400.000000
G01 X98.992188 Y107.344727 Z24.000000 F400.000000
G01 X98.992188 Y107.716797 Z24.000000 F400.000000
G01 X99.116211 Y107.964844 Z24.000000 F400.000000
G01 X99.488281 Y108.088867 Z24.000000 F400.000000
G01 X100.728516 Y108.088867 Z24.000000 F400.000000
G00 Z32.000000
G00 Z32.000000
G00 X98.992188 Y111.065430
G01 Z24.000000 F400.0(Penetrate)
G01 X100.728516 Y111.065430 Z24.000000 F400.000000
G00 Z32.000000
G00 Z32.000000
G00 X99.488281 Y111.065430
G01 Z24.000000 F400.0(Penetrate)
G01 X99.116211 Y111.437500 Z24.000000 F400.000000
G01 X98.992188 Y111.685547 Z24.000000 F400.000000
G01 X98.992188 Y112.057617 Z24.000000 F400.000000
G01 X99.116211 Y112.305664 Z24.000000 F400.000000
G01 X99.488281 Y112.429688 Z24.000000 F400.000000
G01 X100.728516 Y112.429688 Z24.000000 F400.000000
G00 Z32.000000
G00 Z32.000000
G00 X99.488281 Y112.429688
G01 Z24.000000 F400.0(Penetrate)
G01 X99.116211 Y112.801758 Z24.000000 F400.000000
G01 X98.992188 Y113.049805 Z24.000000 F400.000000
G01 X98.992188 Y113.421875 Z24.000000 F400.000000
G01 X99.116211 Y113.669922 Z24.000000 F400.000000
G01 X99.488281 Y113.793945 Z24.000000 F400.000000
G01 X100.728516 Y113.793945 Z24.000000 F400.000000
G00 Z32.000000
G00 Z32.000000
G00 X98.992188 Y116.150391
G01 Z24.000000 F400.0(Penetrate)
G01 X100.728516 Y116.150391 Z24.000000 F400.000000
G00 Z32.000000
G00 Z32.000000
G00 X99.364258 Y116.150391
G01 Z24.000000 F400.0(Penetrate)
G01 X99.116211 Y115.902344 Z24.000000 F400.000000
G01 X98.992188 Y115.654297 Z24.000000 F400.000000
G01 X98.992188 Y115.282227 Z24.000000 F400.000000
G01 X99.116211 Y115.034180 Z24.000000 F400.000000
G01 X99.364258 Y114.786133 Z24.000000 F400.000000
G01 X99.736328 Y114.662109 Z24.000000 F400.000000
G01 X99.984375 Y114.662109 Z24.000000 F400.000000
G01 X100.356445 Y114.786133 Z24.000000 F400.000000
G01 X100.604492 Y115.034180 Z24.000000 F400.000000
G01 X100.728516 Y115.282227 Z24.000000 F400.000000
G01 X100.728516 Y115.654297 Z24.000000 F400.000000
G01 X100.604492 Y115.902344 Z24.000000 F400.000000
G01 X100.356445 Y116.150391 Z24.000000 F400.000000
G00 Z32.000000
G00 Z32.000000
G00 X98.992188 Y117.142578
G01 Z24.000000 F400.0(Penetrate)
G01 X100.728516 Y117.142578 Z24.000000 F400.000000
G00 Z32.000000
G00 Z32.000000
G00 X99.736328 Y117.142578
G01 Z24.000000 F400.0(Penetrate)
G01 X99.364258 Y117.266602 Z24.000000 F400.000000
G01 X99.116211 Y117.514648 Z24.000000 F400.000000
G01 X98.992188 Y117.762695 Z24.000000 F400.000000
G01 X98.992188 Y118.134766 Z24.000000 F400.000000
G00 Z32.000000
G00 Z32.000000
G00 X98.124023 Y118.754883
G01 Z24.000000 F400.0(Penetrate)
G01 X100.728516 Y118.754883 Z24.000000 F400.000000
G00 Z32.000000
G00 Z32.000000
G00 X98.992188 Y119.995117
G01 Z24.000000 F400.0(Penetrate)
G01 X100.232422 Y118.754883 Z24.000000 F400.000000
G00 Z32.000000
G00 Z32.000000
G00 X99.736328 Y119.250977
G01 Z24.000000 F400.0(Penetrate)
G01 X100.728516 Y120.119141 Z24.000000 F400.000000
G00 Z32.000000
G00 Z32.000000
G00 X99.736328 Y120.739258
G01 Z24.000000 F400.0(Penetrate)
G01 X99.736328 Y122.227539 Z24.000000 F400.000000
G01 X99.488281 Y122.227539 Z24.000000 F400.000000
G01 X99.240234 Y122.103516 Z24.000000 F400.000000
G01 X99.116211 Y121.979492 Z24.000000 F400.000000
G01 X98.992188 Y121.731445 Z24.000000 F400.000000
G01 X98.992188 Y121.359375 Z24.000000 F400.000000
G01 X99.116211 Y121.111328 Z24.000000 F400.000000
G01 X99.364258 Y120.863281 Z24.000000 F400.000000
G01 X99.736328 Y120.739258 Z24.000000 F400.000000
G01 X99.984375 Y120.739258 Z24.000000 F400.000000
G01 X100.356445 Y120.863281 Z24.000000 F400.000000
G01 X100.604492 Y121.111328 Z24.000000 F400.000000
G01 X100.728516 Y121.359375 Z24.000000 F400.000000
G01 X100.728516 Y121.731445 Z24.000000 F400.000000
G01 X100.604492 Y121.979492 Z24.000000 F400.000000
G01 X100.356445 Y122.227539 Z24.000000 F400.000000
G00 Z32.000000
G00 Z32.000000
G00 X98.124023 Y123.219727
G01 Z24.000000 F400.0(Penetrate)
G01 X100.232422 Y123.219727 Z24.000000 F400.000000
G01 X100.604492 Y123.343750 Z24.000000 F400.000000
G01 X100.728516 Y123.591797 Z24.000000 F400.000000
G01 X100.728516 Y123.839844 Z24.000000 F400.000000
G00 Z32.000000
G00 Z32.000000
G00 X98.992188 Y122.847656
G01 Z24.000000 F400.0(Penetrate)
G01 X98.992188 Y123.715820 Z24.000000 F400.000000
G00 Z32.000000
G00 Z32.000000
G00 X98.124023 Y124.459961
G01 Z24.000000 F400.0(Penetrate)
G01 X98.248047 Y124.583984 Z24.000000 F400.000000
G01 X98.124023 Y124.708008 Z24.000000 F400.000000
G01 X98.000000 Y124.583984 Z24.000000 F400.000000
G01 X98.124023 Y124.459961 Z24.000000 F400.000000
G00 Z32.000000
G00 Z32.000000
G00 X98.992188 Y124.583984
G01 Z24.000000 F400.0(Penetrate)
G01 X100.728516 Y124.583984 Z24.000000 F400.000000
G00 Z32.000000
G00 Z32.000000
G00 X98.992188 Y125.576172
G01 Z24.000000 F400.0(Penetrate)
G01 X100.728516 Y125.576172 Z24.000000 F400.000000
G00 Z32.000000
G00 Z32.000000
G00 X99.488281 Y125.576172
G01 Z24.000000 F400.0(Penetrate)
G01 X99.116211 Y125.948242 Z24.000000 F400.000000
G01 X98.992188 Y126.196289 Z24.000000 F400.000000
G01 X98.992188 Y126.568359 Z24.000000 F400.000000
G01 X99.116211 Y126.816406 Z24.000000 F400.000000
G01 X99.488281 Y126.940430 Z24.000000 F400.000000
G01 X100.728516 Y126.940430 Z24.000000 F400.000000
G00 Z32.000000
G00 Z32.000000
G00 X98.992188 Y129.296875
G01 Z24.000000 F400.0(Penetrate)
G01 X100.976562 Y129.296875 Z24.000000 F400.000000
G01 X101.348633 Y129.172852 Z24.000000 F400.000000
G01 X101.472656 Y129.048828 Z24.000000 F400.000000
G01 X101.596680 Y128.800781 Z24.000000 F400.000000
G01 X101.596680 Y128.428711 Z24.000000 F400.000000
G01 X101.472656 Y128.180664 Z24.000000 F400.000000
G00 Z32.000000
G00 Z32.000000
G00 X99.364258 Y129.296875
G01 Z24.000000 F400.0(Penetrate)
G01 X99.116211 Y129.048828 Z24.000000 F400.000000
G01 X98.992188 Y128.800781 Z24.000000 F400.000000
G01 X98.992188 Y128.428711 Z24.000000 F400.000000
G01 X99.116211 Y128.180664 Z24.000000 F400.000000
G01 X99.364258 Y127.932617 Z24.000000 F400.000000
G01 X99.736328 Y127.808594 Z24.000000 F400.000000
G01 X99.984375 Y127.808594 Z24.000000 F400.000000
G01 X100.356445 Y127.932617 Z24.000000 F400.000000
G01 X100.604492 Y128.180664 Z24.000000 F400.000000
G01 X100.728516 Y128.428711 Z24.000000 F400.000000
G01 X100.728516 Y128.800781 Z24.000000 F400.000000
G01 X100.604492 Y129.048828 Z24.000000 F400.000000
G01 X100.356445 Y129.296875 Z24.000000 F400.000000
G00 Z32.000000
G00 Z32.000000
G00 X98.992188 Y132.769531
G01 Z24.000000 F400.0(Penetrate)
G01 X99.116211 Y132.521484 Z24.000000 F400.000000
G01 X99.364258 Y132.273438 Z24.000000 F400.000000
G01 X99.736328 Y132.149414 Z24.000000 F400.000000
G01 X99.984375 Y132.149414 Z24.000000 F400.000000
G01 X100.356445 Y132.273438 Z24.000000 F400.000000
G01 X100.604492 Y132.521484 Z24.000000 F400.000000
G01 X100.728516 Y132.769531 Z24.000000 F400.000000
G01 X100.728516 Y133.141602 Z24.000000 F400.000000
G01 X100.604492 Y133.389648 Z24.000000 F400.000000
G01 X100.356445 Y133.637695 Z24.000000 F400.000000
G01 X99.984375 Y133.761719 Z24.000000 F400.000000
G01 X99.736328 Y133.761719 Z24.000000 F400.000000
G01 X99.364258 Y133.637695 Z24.000000 F400.000000
G01 X99.116211 Y133.389648 Z24.000000 F400.000000
G01 X98.992188 Y133.141602 Z24.000000 F400.000000
G01 X98.992188 Y132.769531 Z24.000000 F400.000000
G00 Z32.000000
G00 Z32.000000
G00 X98.992188 Y134.629883
G01 Z24.000000 F400.0(Penetrate)
G01 X100.728516 Y134.629883 Z24.000000 F400.000000
G00 Z32.000000
G00 Z32.000000
G00 X99.488281 Y134.629883
G01 Z24.000000 F400.0(Penetrate)
G01 X99.116211 Y135.001953 Z24.000000 F400.000000
G01 X98.992188 Y135.250000 Z24.000000 F400.000000
G01 X98.992188 Y135.622070 Z24.000000 F400.000000
G01 X99.116211 Y135.870117 Z24.000000 F400.000000
G01 X99.488281 Y135.994141 Z24.000000 F400.000000
G01 X100.728516 Y135.994141 Z24.000000 F400.000000
G00 Z32.000000
G00 Z32.000000
G00 X92.992188 Y40.000000
G01 Z24.000000 F400.0(Penetrate)
G01 X94.728516 Y40.744141 Z24.000000 F400.000000
G00 Z32.000000
G00 Z32.000000
G00 X92.992188 Y41.488281
G01 Z24.000000 F400.0(Penetrate)
G01 X94.728516 Y40.744141 Z24.000000 F400.000000
G00 Z32.000000
G00 Z32.000000
G00 X93.736328 Y42.108398
G01 Z24.000000 F400.0(Penetrate)
G01 X93.736328 Y43.596680 Z24.000000 F400.000000
G01 X93.488281 Y43.596680 Z24.000000 F400.000000
G01 X93.240234 Y43.472656 Z24.000000 F400.000000
G01 X93.116211 Y43.348633 Z24.000000 F400.000000
G01 X92.992188 Y43.100586 Z24.000000 F400.000000
G01 X92.992188 Y42.728516 Z24.000000 F400.000000
G01 X93.116211 Y42.480469 Z24.000000 F400.000000
G01 X93.364258 Y42.232422 Z24.000000 F400.000000
G01 X93.736328 Y42.108398 Z24.000000 F400.000000
G01 X93.984375 Y42.108398 Z24.000000 F400.000000
G01 X94.356445 Y42.232422 Z24.000000 F400.000000
G01 X94.604492 Y42.480469 Z24.000000 F400.000000
G01 X94.728516 Y42.728516 Z24.000000 F400.000000
G01 X94.728516 Y43.100586 Z24.000000 F400.000000
G01 X94.604492 Y43.348633 Z24.000000 F400.000000
G01 X94.356445 Y43.596680 Z24.000000 F400.000000
G00 Z32.000000
G00 Z32.000000
G00 X92.992188 Y44.464844
G01 Z24.000000 F400.0(Penetrate)
G01 X94.728516 Y44.464844 Z24.000000 F400.000000
G00 Z32.000000
G00 Z32.000000
G00 X93.736328 Y44.464844
G01 Z24.000000 F400.0(Penetrate)
G01 X93.364258 Y44.588867 Z24.000000 F400.000000
G01 X93.116211 Y44.836914 Z24.000000 F400.000000
G01 X92.992188 Y45.084961 Z24.000000 F400.000000
G01 X92.992188 Y45.457031 Z24.000000 F400.000000
G00 Z32.000000
G00 Z32.000000
G00 X92.992188 Y45.829102
G01 Z24.000000 F400.0(Penetrate)
G01 X94.728516 Y46.573242 Z24.000000 F400.000000
G00 Z32.000000
G00 Z32.000000
G00 X92.992188 Y47.317383
G01 Z24.000000 F400.0(Penetrate)
G01 X94.728516 Y46.573242 Z24.000000 F400.000000
G01 X95.224609 Y46.325195 Z24.000000 F400.000000
G01 X95.472656 Y46.077148 Z24.000000 F400.000000
G01 X95.596680 Y45.829102 Z24.000000 F400.000000
G01 X95.596680 Y45.705078 Z24.000000 F400.000000
G00 Z32.000000
G00 Z32.000000
G00 X92.124023 Y50.045898
G01 Z24.000000 F400.0(Penetrate)
G01 X94.728516 Y50.045898 Z24.000000 F400.000000
G00 Z32.000000
G00 Z32.000000
G00 X92.992188 Y51.534180
G01 Z24.000000 F400.0(Penetrate)
G01 X93.116211 Y51.286133 Z24.000000 F400.000000
G01 X93.364258 Y51.038086 Z24.000000 F400.000000
G01 X93.736328 Y50.914062 Z24.000000 F400.000000
G01 X93.984375 Y50.914062 Z24.000000 F400.000000
G01 X94.356445 Y51.038086 Z24.000000 F400.000000
G01 X94.604492 Y51.286133 Z24.000000 F400.000000
G01 X94.728516 Y51.534180 Z24.000000 F400.000000
G01 X94.728516 Y51.906250 Z24.000000 F400.000000
G01 X94.604492 Y52.154297 Z24.000000 F400.000000
G01 X94.356445 Y52.402344 Z24.000000 F400.000000
G01 X93.984375 Y52.526367 Z24.000000 F400.000000
G01 X93.736328 Y52.526367 Z24.000000 F400.000000
G01 X93.364258 Y52.402344 Z24.000000 F400.000000
G01 X93.116211 Y52.154297 Z24.000000 F400.000000
G01 X92.992188 Y51.906250 Z24.000000 F400.000000
G01 X92.992188 Y51.534180 Z24.000000 F400.000000
G00 Z32.000000
G00 Z32.000000
G00 X92.992188 Y53.270508
G01 Z24.000000 F400.0(Penetrate)
G01 X94.728516 Y53.766602 Z24.000000 F400.000000
G00 Z32.000000
G00 Z32.000000
G00 X92.992188 Y54.262695
G01 Z24.000000 F400.0(Penetrate)
G01 X94.728516 Y53.766602 Z24.000000 F400.000000
G00 Z32.000000
G00 Z32.000000
G00 X92.992188 Y54.262695
G01 Z24.000000 F400.0(Penetrate)
G01 X94.728516 Y54.758789 Z24.000000 F400.000000
G00 Z32.000000
G00 Z32.000000
G00 X92.992188 Y55.254883
G01 Z24.000000 F400.0(Penetrate)
G01 X94.728516 Y54.758789 Z24.000000 F400.000000
G00 Z32.000000
G00 Z32.000000
G00 X94.232422 Y56.247070
G01 Z24.000000 F400.0(Penetrate)
G01 X94.356445 Y56.123047 Z24.000000 F400.000000
G01 X94.232422 Y55.999023 Z24.000000 F400.000000
G01 X94.108398 Y56.123047 Z24.000000 F400.000000
G01 X94.232422 Y56.247070 Z24.000000 F400.000000
G01 X94.480469 Y56.247070 Z24.000000 F400.000000
G01 X94.728516 Y55.999023 Z24.000000 F400.000000
G00 Z32.000000
G00 Z32.000000
G00 X92.992188 Y59.099609
G01 Z24.000000 F400.0(Penetrate)
G01 X94.728516 Y59.099609 Z24.000000 F400.000000
G00 Z32.000000
G00 Z32.000000
G00 X93.488281 Y59.099609
G01 Z24.000000 F400.0(Penetrate)
G01 X93.116211 Y59.471680 Z24.000000 F400.000000
G01 X92.992188 Y59.719727 Z24.000000 F400.000000
G01 X92.992188 Y60.091797 Z24.000000 F400.000000
G01 X93.116211 Y60.339844 Z24.000000 F400.000000
G01 X93.488281 Y60.463867 Z24.000000 F400.000000
G01 X94.728516 Y60.463867 Z24.000000 F400.000000
G00 Z32.000000
G00 Z32.000000
G00 X93.488281 Y60.463867
G01 Z24.000000 F400.0(Penetrate)
G01 X93.116211 Y60.835938 Z24.000000 F400.000000
G01 X92.992188 Y61.083984 Z24.000000 F400.000000
G01 X92.992188 Y61.456055 Z24.000000 F400.000000
G01 X93.116211 Y61.704102 Z24.000000 F400.000000
G01 X93.488281 Y61.828125 Z24.000000 F400.000000
G01 X94.728516 Y61.828125 Z24.000000 F400.000000
G00 Z32.000000
G00 Z32.000000
G00 X92.992188 Y64.184570
G01 Z24.000000 F400.0(Penetrate)
G01 X94.728516 Y64.184570 Z24.000000 F400.000000
G00 Z32.000000
G00 Z32.000000
G00 X93.364258 Y64.184570
G01 Z24.000000 F400.0(Penetrate)
G01 X93.116211 Y63.936523 Z24.000000 F400.000000
G01 X92.992188 Y63.688477 Z24.000000 F400.000000
G01 X92.992188 Y63.316406 Z24.000000 F400.000000
G01 X93.116211 Y63.068359 Z24.000000 F400.000000
G01 X93.364258 Y62.820312 Z24.000000 F400.000000
G01 X93.736328 Y62.696289 Z24.000000 F400.000000
G01 X93.984375 Y62.696289 Z24.000000 F400.000000
G01 X94.356445 Y62.820312 Z24.000000 F400.000000
G01 X94.604492 Y63.068359 Z24.000000 F400.000000
G01 X94.728516 Y63.316406 Z24.000000 F400.000000
G01 X94.728516 Y63.688477 Z24.000000 F400.000000
G01 X94.604492 Y63.936523 Z24.000000 F400.000000
G01 X94.356445 Y64.184570 Z24.000000 F400.000000
G00 Z32.000000
G00 Z32.000000
G00 X92.992188 Y64.928711
G01 Z24.000000 F400.0(Penetrate)
G01 X94.728516 Y65.672852 Z24.000000 F400.000000
G00 Z32.000000
G00 Z32.000000
G00 X92.992188 Y66.416992
G01 Z24.000000 F400.0(Penetrate)
G01 X94.728516 Y65.672852 Z24.000000 F400.000000
G01 X95.224609 Y65.424805 Z24.000000 F400.000000
G01 X95.472656 Y65.176758 Z24.000000 F400.000000
G01 X95.596680 Y64.928711 Z24.000000 F400.000000
G01 X95.596680 Y64.804688 Z24.000000 F400.000000
G00 Z32.000000
G00 Z32.000000
G00 X92.124023 Y67.161133
G01 Z24.000000 F400.0(Penetrate)
G01 X94.728516 Y67.161133 Z24.000000 F400.000000
G00 Z32.000000
G00 Z32.000000
G00 X93.364258 Y67.161133
G01 Z24.000000 F400.0(Penetrate)
G01 X93.116211 Y67.409180 Z24.000000 F400.000000
G01 X92.992188 Y67.657227 Z24.000000 F400.000000
G01 X92.992188 Y68.029297 Z24.000000 F400.000000
G01 X93.116211 Y68.277344 Z24.000000 F400.000000
G01 X93.364258 Y68.525391 Z24.000000 F400.000000
G01 X93.736328 Y68.649414 Z24.000000 F400.000000
G01 X93.984375 Y68.649414 Z24.000000 F400.000000
G01 X94.356445 Y68.525391 Z24.000000 F400.000000
G01 X94.604492 Y68.277344 Z24.000000 F400.000000
G01 X94.728516 Y68.029297 Z24.000000 F400.000000
G01 X94.728516 Y67.657227 Z24.000000 F400.000000
G01 X94.604492 Y67.409180 Z24.000000 F400.000000
G01 X94.356445 Y67.161133 Z24.000000 F400.000000
G00 Z32.000000
G00 Z32.000000
G00 X93.736328 Y69.393555
G01 Z24.000000 F400.0(Penetrate)
G01 X93.736328 Y70.881836 Z24.000000 F400.000000
G01 X93.488281 Y70.881836 Z24.000000 F400.000000
G01 X93.240234 Y70.757812 Z24.000000 F400.000000
G01 X93.116211 Y70.633789 Z24.000000 F400.000000
G01 X92.992188 Y70.385742 Z24.000000 F400.000000
G01 X92.992188 Y70.013672 Z24.000000 F400.000000
G01 X93.116211 Y69.765625 Z24.000000 F400.000000
G01 X93.364258 Y69.517578 Z24.000000 F400.000000
G01 X93.736328 Y69.393555 Z24.000000 F400.000000
G01 X93.984375 Y69.393555 Z24.000000 F400.000000
G01 X94.356445 Y69.517578 Z24.000000 F400.000000
G01 X94.604492 Y69.765625 Z24.000000 F400.000000
G01 X94.728516 Y70.013672 Z24.000000 F400.000000
G01 X94.728516 Y70.385742 Z24.000000 F400.000000
G01 X94.604492 Y70.633789 Z24.000000 F400.000000
G01 X94.356445 Y70.881836 Z24.000000 F400.000000
G00 Z32.000000
G00 Z32.000000
G00 X92.124023 Y73.734375
G01 Z24.000000 F400.0(Penetrate)
G01 X94.728516 Y73.734375 Z24.000000 F400.000000
G00 Z32.000000
G00 Z32.000000
G00 X93.364258 Y77.951172
G01 Z24.000000 F400.0(Penetrate)
G01 X93.116211 Y77.827148 Z24.000000 F400.000000
G01 X92.992188 Y77.455078 Z24.000000 F400.000000
G01 X92.992188 Y77.083008 Z24.000000 F400.000000
G01 X93.116211 Y76.710938 Z24.000000 F400.000000
G01 X93.364258 Y76.586914 Z24.000000 F400.000000
G01 X93.612305 Y76.710938 Z24.000000 F400.000000
G01 X93.736328 Y76.958984 Z24.000000 F400.000000
G01 X93.860352 Y77.579102 Z24.000000 F400.000000
G01 X93.984375 Y77.827148 Z24.000000 F400.000000
G01 X94.232422 Y77.951172 Z24.000000 F400.000000
G01 X94.356445 Y77.951172 Z24.000000 F400.000000
G01 X94.604492 Y77.827148 Z24.000000 F400.000000
G01 X94.728516 Y77.455078 Z24.000000 F400.000000
G01 X94.728516 Y77.083008 Z24.000000 F400.000000
G01 X94.604492 Y76.710938 Z24.000000 F400.000000
G01 X94.356445 Y76.586914 Z24.000000 F400.000000
G00 Z32.000000
G00 Z32.000000
G00 X92.124023 Y78.819336
G01 Z24.000000 F400.0(Penetrate)
G01 X94.728516 Y78.819336 Z24.000000 F400.000000
G00 Z32.000000
G00 Z32.000000
G00 X93.488281 Y78.819336
G01 Z24.000000 F400.0(Penetrate)
G01 X93.116211 Y79.191406 Z24.000000 F400.000000
G01 X92.992188 Y79.439453 Z24.000000 F400.000000
G01 X92.992188 Y79.811523 Z24.000000 F400.000000
G01 X93.116211 Y80.059570 Z24.000000 F400.000000
G01 X93.488281 Y80.183594 Z24.000000 F400.000000
G01 X94.728516 Y80.183594 Z24.000000 F400.000000
G00 Z32.000000
G00 Z32.000000
G00 X92.992188 Y81.671875
G01 Z24.000000 F400.0(Penetrate)
G01 X93.116211 Y81.423828 Z24.000000 F400.000000
G01 X93.364258 Y81.175781 Z24.000000 F400.000000
G01 X93.736328 Y81.051758 Z24.000000 F400.000000
G01 X93.984375 Y81.051758 Z24.000000 F400.000000
G01 X94.356445 Y81.175781 Z24.000000 F400.000000
G01 X94.604492 Y81.423828 Z24.000000 F400.000000
G01 X94.728516 Y81.671875 Z24.000000 F400.000000
G01 X94.728516 Y82.043945 Z24.000000 F400.000000
G01 X94.604492 Y82.291992 Z24.000000 F400.000000
G01 X94.356445 Y82.540039 Z24.000000 F400.000000
G01 X93.984375 Y82.664062 Z24.000000 F400.000000
G01 X93.736328 Y82.664062 Z24.000000 F400.000000
G01 X93.364258 Y82.540039 Z24.000000 F400.000000
G01 X93.116211 Y82.291992 Z24.000000 F400.000000
G01 X92.992188 Y82.043945 Z24.000000 F400.000000
G01 X92.992188 Y81.671875 Z24.000000 F400.000000
G00 Z32.000000
G00 Z32.000000
G00 X92.992188 Y83.532227
G01 Z24.000000 F400.0(Penetrate)
G01 X94.232422 Y83.532227 Z24.000000 F400.000000
G01 X94.604492 Y83.656250 Z24.000000 F400.000000
G01 X94.728516 Y83.904297 Z24.000000 F400.000000
G01 X94.728516 Y84.276367 Z24.000000 F400.000000
G01 X94.604492 Y84.524414 Z24.000000 F400.000000
G01 X94.232422 Y84.896484 Z24.000000 F400.000000
G00 Z32.000000
G00 Z32.000000
G00 X92.992188 Y84.896484
G01 Z24.000000 F400.0(Penetrate)
G01 X94.728516 Y84.896484 Z24.000000 F400.000000
G00 Z32.000000
G00 Z32.000000
G00 X92.124023 Y85.888672
G01 Z24.000000 F400.0(Penetrate)
G01 X94.728516 Y85.888672 Z24.000000 F400.000000
G00 Z32.000000
G00 Z32.000000
G00 X92.124023 Y88.245117
G01 Z24.000000 F400.0(Penetrate)
G01 X94.728516 Y88.245117 Z24.000000 F400.000000
G00 Z32.000000
G00 Z32.000000
G00 X93.364258 Y88.245117
G01 Z24.000000 F400.0(Penetrate)
G01 X93.116211 Y87.997070 Z24.000000 F400.000000
G01 X92.992188 Y87.749023 Z24.000000 F400.000000
G01 X92.992188 Y87.376953 Z24.000000 F400.000000
G01 X93.116211 Y87.128906 Z24.000000 F400.000000
G01 X93.364258 Y86.880859 Z24.000000 F400.000000
G01 X93.736328 Y86.756836 Z24.000000 F400.000000
G01 X93.984375 Y86.756836 Z24.000000 F400.000000
G01 X94.356445 Y86.880859 Z24.000000 F400.000000
G01 X94.604492 Y87.128906 Z24.000000 F400.000000
G01 X94.728516 Y87.376953 Z24.000000 F400.000000
G01 X94.728516 Y87.749023 Z24.000000 F400.000000
G01 X94.604492 Y87.997070 Z24.000000 F400.000000
G01 X94.356445 Y88.245117 Z24.000000 F400.000000
G00 Z32.000000
G00 Z32.000000
G00 X92.992188 Y91.221680
G01 Z24.000000 F400.0(Penetrate)
G01 X94.728516 Y91.221680 Z24.000000 F400.000000
G00 Z32.000000
G00 Z32.000000
G00 X93.488281 Y91.221680
G01 Z24.000000 F400.0(Penetrate)
G01 X93.116211 Y91.593750 Z24.000000 F400.000000
G01 X92.992188 Y91.841797 Z24.000000 F400.000000
G01 X92.992188 Y92.213867 Z24.000000 F400.000000
G01 X93.116211 Y92.461914 Z24.000000 F400.000000
G01 X93.488281 Y92.585938 Z24.000000 F400.000000
G01 X94.728516 Y92.585938 Z24.000000 F400.000000
G00 Z32.000000
G00 Z32.000000
G00 X93.488281 Y92.585938
G01 Z24.000000 F400.0(Penetrate)
G01 X93.116211 Y92.958008 Z24.000000 F400.000000
G01 X92.992188 Y93.206055 Z24.000000 F400.000000
G01 X92.992188 Y93.578125 Z24.000000 F400.000000
G01 X93.116211 Y93.826172 Z24.000000 F400.000000
G01 X93.488281 Y93.950195 Z24.000000 F400.000000
G01 X94.728516 Y93.950195 Z24.000000 F400.000000
G00 Z32.000000
G00 Z32.000000
G00 X92.992188 Y96.306641
G01 Z24.000000 F400.0(Penetrate)
G01 X94.728516 Y96.306641 Z24.000000 F400.000000
G00 Z32.000000
G00 Z32.000000
G00 X93.364258 Y96.306641
G01 Z24.000000 F400.0(Penetrate)
G01 X93.116211 Y96.058594 Z24.000000 F400.000000
G01 X92.992188 Y95.810547 Z24.000000 F400.000000
G01 X92.992188 Y95.438477 Z24.000000 F400.000000
G01 X93.116211 Y95.190430 Z24.000000 F400.000000
G01 X93.364258 Y94.942383 Z24.000000 F400.000000
G01 X93.736328 Y94.818359 Z24.000000 F400.000000
G01 X93.984375 Y94.818359 Z24.000000 F400.000000
G01 X94.356445 Y94.942383 Z24.000000 F400.000000
G01 X94.604492 Y95.190430 Z24.000000 F400.000000
G01 X94.728516 Y95.438477 Z24.000000 F400.000000
G01 X94.728516 Y95.810547 Z24.000000 F400.000000
G01 X94.604492 Y96.058594 Z24.000000 F400.000000
G01 X94.356445 Y96.306641 Z24.000000 F400.000000
G00 Z32.000000
G00 Z32.000000
G00 X92.124023 Y97.298828
G01 Z24.000000 F400.0(Penetrate)
G01 X94.728516 Y97.298828 Z24.000000 F400.000000
G00 Z32.000000
G00 Z32.000000
G00 X92.992188 Y98.539062
G01 Z24.000000 F400.0(Penetrate)
G01 X94.232422 Y97.298828 Z24.000000 F400.000000
G00 Z32.000000
G00 Z32.000000
G00 X93.736328 Y97.794922
G01 Z24.000000 F400.0(Penetrate)
G01 X94.728516 Y98.663086 Z24.000000 F400.000000
G00 Z32.000000
G00 Z32.000000
G00 X93.736328 Y99.283203
G01 Z24.000000 F400.0(Penetrate)
G01 X93.736328 Y100.771484 Z24.000000 F400.000000
G01 X93.488281 Y100.771484 Z24.000000 F400.000000
G01 X93.240234 Y100.647461 Z24.000000 F400.000000
G01 X93.116211 Y100.523438 Z24.000000 F400.000000
G01 X92.992188 Y100.275391 Z24.000000 F400.000000
G01 X92.992188 Y99.903320 Z24.000000 F400.000000
G01 X93.116211 Y99.655273 Z24.000000 F400.000000
G01 X93.364258 Y99.407227 Z24.000000 F400.000000
G01 X93.736328 Y99.283203 Z24.000000 F400.000000
G01 X93.984375 Y99.283203 Z24.000000 F400.000000
G01 X94.356445 Y99.407227 Z24.000000 F400.000000
G01 X94.604492 Y99.655273 Z24.000000 F400.000000
G01 X94.728516 Y99.903320 Z24.000000 F400.000000
G01 X94.728516 Y100.275391 Z24.000000 F400.000000
G01 X94.604492 Y100.523438 Z24.000000 F400.000000
G01 X94.356445 Y100.771484 Z24.000000 F400.000000
G00 Z32.000000
G00 Z32.000000
G00 X92.124023 Y103.500000
G01 Z24.000000 F400.0(Penetrate)
G01 X92.248047 Y103.624023 Z24.000000 F400.000000
G01 X92.124023 Y103.748047 Z24.000000 F400.000000
G01 X92.000000 Y103.624023 Z24.000000 F400.000000
G01 X92.124023 Y103.500000 Z24.000000 F400.000000
G00 Z32.000000
G00 Z32.000000
G00 X92.992188 Y103.624023
G01 Z24.000000 F400.0(Penetrate)
G01 X94.728516 Y103.624023 Z24.000000 F400.000000
G00 Z32.000000
G00 Z32.000000
G00 X92.124023 Y104.740234
G01 Z24.000000 F400.0(Penetrate)
G01 X94.232422 Y104.740234 Z24.000000 F400.000000
G01 X94.604492 Y104.864258 Z24.000000 F400.000000
G01 X94.728516 Y105.112305 Z24.000000 F400.000000
G01 X94.728516 Y105.360352 Z24.000000 F400.000000
G00 Z32.000000
G00 Z32.000000
G00 X92.992188 Y104.368164
G01 Z24.000000 F400.0(Penetrate)
G01 X92.992188 Y105.236328 Z24.000000 F400.000000
G00 Z32.000000
G00 Z32.000000
G00 X92.992188 Y109.453125
G01 Z24.000000 F400.0(Penetrate)
G01 X94.728516 Y109.453125 Z24.000000 F400.000000
G00 Z32.000000
G00 Z32.000000
G00 X93.364258 Y109.453125
G01 Z24.000000 F400.0(Penetrate)
G01 X93.116211 Y109.205078 Z24.000000 F400.000000
G01 X92.992188 Y108.957031 Z24.000000 F400.000000
G01 X92.992188 Y108.584961 Z24.000000 F400.000000
G01 X93.116211 Y108.336914 Z24.000000 F400.000000
G01 X93.364258 Y108.088867 Z24.000000 F400.000000
G01 X93.736328 Y107.964844 Z24.000000 F400.000000
G01 X93.984375 Y107.964844 Z24.000000 F400.000000
G01 X94.356445 Y108.088867 Z24.000000 F400.000000
G01 X94.604492 Y108.336914 Z24.000000 F400.000000
G01 X94.728516 Y108.584961 Z24.000000 F400.000000
G01 X94.728516 Y108.957031 Z24.000000 F400.000000
G01 X94.604492 Y109.205078 Z24.000000 F400.000000
G01 X94.356445 Y109.453125 Z24.000000 F400.000000
G00 Z32.000000
G00 Z32.000000
G00 X92.124023 Y113.793945
G01 Z24.000000 F400.0(Penetrate)
G01 X94.728516 Y113.793945 Z24.000000 F400.000000
G00 Z32.000000
G00 Z32.000000
G00 X93.364258 Y113.793945
G01 Z24.000000 F400.0(Penetrate)
G01 X93.116211 Y113.545898 Z24.000000 F400.000000
G01 X92.992188 Y113.297852 Z24.000000 F400.000000
G01 X92.992188 Y112.925781 Z24.000000 F400.000000
G01 X93.116211 Y112.677734 Z24.000000 F400.000000
G01 X93.364258 Y112.429688 Z24.000000 F400.000000
G01 X93.736328 Y112.305664 Z24.000000 F400.000000
G01 X93.984375 Y112.305664 Z24.000000 F400.000000
G01 X94.356445 Y112.429688 Z24.000000 F400.000000
G01 X94.604492 Y112.677734 Z24.000000 F400.000000
G01 X94.728516 Y112.925781 Z24.000000 F400.000000
G01 X94.728516 Y113.297852 Z24.000000 F400.000000
G01 X94.604492 Y113.545898 Z24.000000 F400.000000
G01 X94.356445 Y113.793945 Z24.000000 F400.000000
G00 Z32.000000
G00 Z32.000000
G00 X92.992188 Y116.150391
G01 Z24.000000 F400.0(Penetrate)
G01 X94.728516 Y116.150391 Z24.000000 F400.000000
G00 Z32.000000
G00 Z32.000000
G00 X93.364258 Y116.150391
G01 Z24.000000 F400.0(Penetrate)
G01 X93.116211 Y115.902344 Z24.000000 F400.000000
G01 X92.992188 Y115.654297 Z24.000000 F400.000000
G01 X92.992188 Y115.282227 Z24.000000 F400.000000
G01 X93.116211 Y115.034180 Z24.000000 F400.000000
G01 X93.364258 Y114.786133 Z24.000000 F400.000000
G01 X93.736328 Y114.662109 Z24.000000 F400.000000
G01 X93.984375 Y114.662109 Z24.000000 F400.000000
G01 X94.356445 Y114.786133 Z24.000000 F400.000000
G01 X94.604492 Y115.034180 Z24.000000 F400.000000
G01 X94.728516 Y115.282227 Z24.000000 F400.000000
G01 X94.728516 Y115.654297 Z24.000000 F400.000000
G01 X94.604492 Y115.902344 Z24.000000 F400.000000
G01 X94.356445 Y116.150391 Z24.000000 F400.000000
G00 Z32.000000
G00 Z32.000000
G00 X92.124023 Y117.018555
G01 Z24.000000 F400.0(Penetrate)
G01 X92.248047 Y117.142578 Z24.000000 F400.000000
G01 X92.124023 Y117.266602 Z24.000000 F400.000000
G01 X92.000000 Y117.142578 Z24.000000 F400.000000
G01 X92.124023 Y117.018555 Z24.000000 F400.000000
G00 Z32.000000
G00 Z32.000000
G00 X92.992188 Y117.142578
G01 Z24.000000 F400.0(Penetrate)
G01 X94.728516 Y117.142578 Z24.000000 F400.000000
G00 Z32.000000
G00 Z32.000000
G00 X92.124023 Y118.134766
G01 Z24.000000 F400.0(Penetrate)
G01 X94.728516 Y118.134766 Z24.000000 F400.000000
G00 Z32.000000
G00 Z32.000000
G00 X92.992188 Y118.878906
G01 Z24.000000 F400.0(Penetrate)
G01 X94.728516 Y119.623047 Z24.000000 F400.000000
G00 Z32.000000
G00 Z32.000000
G00 X92.992188 Y120.367188
G01 Z24.000000 F400.0(Penetrate)
G01 X94.728516 Y119.623047 Z24.000000 F400.000000
G01 X95.224609 Y119.375000 Z24.000000 F400.000000
G01 X95.472656 Y119.126953 Z24.000000 F400.000000
G01 X95.596680 Y118.878906 Z24.000000 F400.000000
G01 X95.596680 Y118.754883 Z24.000000 F400.000000
G00 Z32.000000
G00 Z32.000000
G00 X92.124023 Y123.095703
G01 Z24.000000 F400.0(Penetrate)
G01 X94.728516 Y123.095703 Z24.000000 F400.000000
G00 Z32.000000
G00 Z32.000000
G00 X93.488281 Y123.095703
G01 Z24.000000 F400.0(Penetrate)
G01 X93.116211 Y123.467773 Z24.000000 F400.000000
G01 X92.992188 Y123.715820 Z24.000000 F400.000000
G01 X92.992188 Y124.087891 Z24.000000 F400.000000
G01 X93.116211 Y124.335938 Z24.000000 F400.000000
G01 X93.488281 Y124.459961 Z24.000000 F400.000000
G01 X94.728516 Y124.459961 Z24.000000 F400.000000
G00 Z32.000000
G00 Z32.000000
G00 X92.992188 Y126.816406
G01 Z24.000000 F400.0(Penetrate)
G01 X94.728516 Y126.816406 Z24.000000 F400.000000
G00 Z32.000000
G00 Z32.000000
G00 X93.364258 Y126.816406
G01 Z24.000000 F400.0(Penetrate)
G01 X93.116211 Y126.568359 Z24.000000 F400.000000
G01 X92.992188 Y126.320312 Z24.000000 F400.000000
G01 X92.992188 Y125.948242 Z24.000000 F400.000000
G01 X93.116211 Y125.700195 Z24.000000 F400.000000
G01 X93.364258 Y125.452148 Z24.000000 F400.000000
G01 X93.736328 Y125.328125 Z24.000000 F400.000000
G01 X93.984375 Y125.328125 Z24.000000 F400.000000
G01 X94.356445 Y125.452148 Z24.000000 F400.000000
G01 X94.604492 Y125.700195 Z24.000000 F400.000000
G01 X94.728516 Y125.948242 Z24.000000 F400.000000
G01 X94.728516 Y126.320312 Z24.000000 F400.000000
G01 X94.604492 Y126.568359 Z24.000000 F400.000000
G01 X94.356445 Y126.816406 Z24.000000 F400.000000
G00 Z32.000000
G00 Z32.000000
G00 X92.124023 Y127.808594
G01 Z24.000000 F400.0(Penetrate)
G01 X94.728516 Y127.808594 Z24.000000 F400.000000
G00 Z32.000000
G00 Z32.000000
G00 X93.364258 Y127.808594
G01 Z24.000000 F400.0(Penetrate)
G01 X93.116211 Y128.056641 Z24.000000 F400.000000
G01 X92.992188 Y128.304688 Z24.000000 F400.000000
G01 X92.992188 Y128.676758 Z24.000000 F400.000000
G01 X93.116211 Y128.924805 Z24.000000 F400.000000
G01 X93.364258 Y129.172852 Z24.000000 F400.000000
G01 X93.736328 Y129.296875 Z24.000000 F400.000000
G01 X93.984375 Y129.296875 Z24.000000 F400.000000
G01 X94.356445 Y129.172852 Z24.000000 F400.000000
G01 X94.604492 Y128.924805 Z24.000000 F400.000000
G01 X94.728516 Y128.676758 Z24.000000 F400.000000
G01 X94.728516 Y128.304688 Z24.000000 F400.000000
G01 X94.604492 Y128.056641 Z24.000000 F400.000000
G01 X94.356445 Y127.808594 Z24.000000 F400.000000
G00 Z32.000000
G00 Z32.000000
G00 X92.124023 Y130.041016
G01 Z24.000000 F400.0(Penetrate)
G01 X92.248047 Y130.165039 Z24.000000 F400.000000
G01 X92.124023 Y130.289062 Z24.000000 F400.000000
G01 X92.000000 Y130.165039 Z24.000000 F400.000000
G01 X92.124023 Y130.041016 Z24.000000 F400.000000
G00 Z32.000000
G00 Z32.000000
G00 X92.992188 Y130.165039
G01 Z24.000000 F400.0(Penetrate)
G01 X94.728516 Y130.165039 Z24.000000 F400.000000
G00 Z32.000000
G00 Z32.000000
G00 X92.124023 Y131.281250
G01 Z24.000000 F400.0(Penetrate)
G01 X94.232422 Y131.281250 Z24.000000 F400.000000
G01 X94.604492 Y131.405273 Z24.000000 F400.000000
G01 X94.728516 Y131.653320 Z24.000000 F400.000000
G01 X94.728516 Y131.901367 Z24.000000 F400.000000
G00 Z32.000000
G00 Z32.000000
G00 X92.992188 Y130.909180
G01 Z24.000000 F400.0(Penetrate)
G01 X92.992188 Y131.777344 Z24.000000 F400.000000
G00 Z32.000000
G00 Z32.000000
G00 X86.124023 Y40.248047
G01 Z24.000000 F400.0(Penetrate)
G01 X88.728516 Y40.248047 Z24.000000 F400.000000
G00 Z32.000000
G00 Z32.000000
G00 X87.488281 Y40.248047
G01 Z24.000000 F400.0(Penetrate)
G01 X87.116211 Y40.620117 Z24.000000 F400.000000
G01 X86.992188 Y40.868164 Z24.000000 F400.000000
G01 X86.992188 Y41.240234 Z24.000000 F400.000000
G01 X87.116211 Y41.488281 Z24.000000 F400.000000
G01 X87.488281 Y41.612305 Z24.000000 F400.000000
G01 X88.728516 Y41.612305 Z24.000000 F400.000000
G00 Z32.000000
G00 Z32.000000
G00 X86.992188 Y43.968750
G01 Z24.000000 F400.0(Penetrate)
G01 X88.728516 Y43.968750 Z24.000000 F400.000000
G00 Z32.000000
G00 Z32.000000
G00 X87.364258 Y43.968750
G01 Z24.000000 F400.0(Penetrate)
G01 X87.116211 Y43.720703 Z24.000000 F400.000000
G01 X86.992188 Y43.472656 Z24.000000 F400.000000
G01 X86.992188 Y43.100586 Z24.000000 F400.000000
G01 X87.116211 Y42.852539 Z24.000000 F400.000000
G01 X87.364258 Y42.604492 Z24.000000 F400.000000
G01 X87.736328 Y42.480469 Z24.000000 F400.000000
G01 X87.984375 Y42.480469 Z24.000000 F400.000000
G01 X88.356445 Y42.604492 Z24.000000 F400.000000
G01 X88.604492 Y42.852539 Z24.000000 F400.000000
G01 X88.728516 Y43.100586 Z24.000000 F400.000000
G01 X88.728516 Y43.472656 Z24.000000 F400.000000
G01 X88.604492 Y43.720703 Z24.000000 F400.000000
G01 X88.356445 Y43.968750 Z24.000000 F400.000000
G00 Z32.000000
G00 Z32.000000
G00 X86.992188 Y44.960938
G01 Z24.000000 F400.0(Penetrate)
G01 X88.728516 Y44.960938 Z24.000000 F400.000000
G00 Z32.000000
G00 Z32.000000
G00 X87.736328 Y44.960938
G01 Z24.000000 F400.0(Penetrate)
G01 X87.364258 Y45.084961 Z24.000000 F400.000000
G01 X87.116211 Y45.333008 Z24.000000 F400.000000
G01 X86.992188 Y45.581055 Z24.000000 F400.000000
G01 X86.992188 Y45.953125 Z24.000000 F400.000000
G00 Z32.000000
G00 Z32.000000
G00 X86.124023 Y47.937500
G01 Z24.000000 F400.0(Penetrate)
G01 X88.728516 Y47.937500 Z24.000000 F400.000000
G00 Z32.000000
G00 Z32.000000
G00 X87.364258 Y47.937500
G01 Z24.000000 F400.0(Penetrate)
G01 X87.116211 Y47.689453 Z24.000000 F400.000000
G01 X86.992188 Y47.441406 Z24.000000 F400.000000
G01 X86.992188 Y47.069336 Z24.000000 F400.000000
G01 X87.116211 Y46.821289 Z24.000000 F400.000000
G01 X87.364258 Y46.573242 Z24.000000 F400.000000
G01 X87.736328 Y46.449219 Z24.000000 F400.000000
G01 X87.984375 Y46.449219 Z24.000000 F400.000000
G01 X88.356445 Y46.573242 Z24.000000 F400.000000
G01 X88.604492 Y46.821289 Z24.000000 F400.000000
G01 X88.728516 Y47.069336 Z24.000000 F400.000000
G01 X88.728516 Y47.441406 Z24.000000 F400.000000
G01 X88.604492 Y47.689453 Z24.000000 F400.000000
G01 X88.356445 Y47.937500 Z24.000000 F400.000000
G00 Z32.000000
G00 Z32.000000
G00 X86.124023 Y51.038086
G01 Z24.000000 F400.0(Penetrate)
G01 X88.232422 Y51.038086 Z24.000000 F400.000000
G01 X88.604492 Y51.162109 Z24.000000 F400.000000
G01 X88.728516 Y51.410156 Z24.000000 F400.000000
G01 X88.728516 Y51.658203 Z24.000000 F400.000000
G00 Z32.000000
G00 Z32.000000
G00 X86.992188 Y50.666016
G01 Z24.000000 F400.0(Penetrate)
G01 X86.992188 Y51.534180 Z24.000000 F400.000000
G00 Z32.000000
G00 Z32.000000
G00 X86.992188 Y52.898438
G01 Z24.000000 F400.0(Penetrate)
G01 X87.116211 Y52.650391 Z24.000000 F400.000000
G01 X87.364258 Y52.402344 Z24.000000 F400.000000
G01 X87.736328 Y52.278320 Z24.000000 F400.000000
G01 X87.984375 Y52.278320 Z24.000000 F400.000000
G01 X88.356445 Y52.402344 Z24.000000 F400.000000
G01 X88.604492 Y52.650391 Z24.000000 F400.000000
G01 X88.728516 Y52.898438 Z24.000000 F400.000000
G01 X88.728516 Y53.270508 Z24.000000 F400.000000
G01 X88.604492 Y53.518555 Z24.000000 F400.000000
G01 X88.356445 Y53.766602 Z24.000000 F400.000000
G01 X87.984375 Y53.890625 Z24.000000 F400.000000
G01 X87.736328 Y53.890625 Z24.000000 F400.000000
G01 X87.364258 Y53.766602 Z24.000000 F400.000000
G01 X87.116211 Y53.518555 Z24.000000 F400.000000
G01 X86.992188 Y53.270508 Z24.000000 F400.000000
G01 X86.992188 Y52.898438 Z24.000000 F400.000000
G00 Z32.000000
G00 Z32.000000
G00 X86.124023 Y58.107422
G01 Z24.000000 F400.0(Penetrate)
G01 X88.728516 Y58.107422 Z24.000000 F400.000000
G00 Z32.000000
G00 Z32.000000
G00 X87.364258 Y58.107422
G01 Z24.000000 F400.0(Penetrate)
G01 X87.116211 Y57.859375 Z24.000000 F400.000000
G01 X86.992188 Y57.611328 Z24.000000 F400.000000
G01 X86.992188 Y57.239258 Z24.000000 F400.000000
G01 X87.116211 Y56.991211 Z24.000000 F400.000000
G01 X87.364258 Y56.743164 Z24.000000 F400.000000
G01 X87.736328 Y56.619141 Z24.000000 F400.000000
G01 X87.984375 Y56.619141 Z24.000000 F400.000000
G01 X88.356445 Y56.743164 Z24.000000 F400.000000
G01 X88.604492 Y56.991211 Z24.000000 F400.000000
G01 X88.728516 Y57.239258 Z24.000000 F400.000000
G01 X88.728516 Y57.611328 Z24.000000 F400.000000
G01 X88.604492 Y57.859375 Z24.000000 F400.000000
G01 X88.356445 Y58.107422 Z24.000000 F400.000000
G00 Z32.000000
G00 Z32.000000
G00 X86.992188 Y59.595703
G01 Z24.000000 F400.0(Penetrate)
G01 X87.116211 Y59.347656 Z24.000000 F400.000000
G01 X87.364258 Y59.099609 Z24.000000 F400.000000
G01 X87.736328 Y58.975586 Z24.000000 F400.000000
G01 X87.984375 Y58.975586 Z24.000000 F400.000000
G01 X88.356445 Y59.099609 Z24.000000 F400.000000
G01 X88.604492 Y59.347656 Z24.000000 F400.000000
G01 X88.728516 Y59.595703 Z24.000000 F400.000000
G01 X88.728516 Y59.967773 Z24.000000 F400.000000
G01 X88.604492 Y60.215820 Z24.000000 F400.000000
G01 X88.356445 Y60.463867 Z24.000000 F400.000000
G01 X87.984375 Y60.587891 Z24.000000 F400.000000
G01 X87.736328 Y60.587891 Z24.000000 F400.000000
G01 X87.364258 Y60.463867 Z24.000000 F400.000000
G01 X87.116211 Y60.215820 Z24.000000 F400.000000
G01 X86.992188 Y59.967773 Z24.000000 F400.000000
G01 X86.992188 Y59.595703 Z24.000000 F400.000000
G00 Z32.000000
G00 Z32.000000
G00 X87.364258 Y64.680664
G01 Z24.000000 F400.0(Penetrate)
G01 X87.116211 Y64.556641 Z24.000000 F400.000000
G01 X86.992188 Y64.184570 Z24.000000 F400.000000
G01 X86.992188 Y63.812500 Z24.000000 F400.000000
G01 X87.116211 Y63.440430 Z24.000000 F400.000000
G01 X87.364258 Y63.316406 Z24.000000 F400.000000
G01 X87.612305 Y63.440430 Z24.000000 F400.000000
G01 X87.736328 Y63.688477 Z24.000000 F400.000000
G01 X87.860352 Y64.308594 Z24.000000 F400.000000
G01 X87.984375 Y64.556641 Z24.000000 F400.000000
G01 X88.232422 Y64.680664 Z24.000000 F400.000000
G01 X88.356445 Y64.680664 Z24.000000 F400.000000
G01 X88.604492 Y64.556641 Z24.000000 F400.000000
G01 X88.728516 Y64.184570 Z24.000000 F400.000000
G01 X88.728516 Y63.812500 Z24.000000 F400.000000
G01 X88.604492 Y63.440430 Z24.000000 F400.000000
G01 X88.356445 Y63.316406 Z24.000000 F400.000000
G00 Z32.000000
G00 Z32.000000
G00 X86.124023 Y65.672852
G01 Z24.000000 F400.0(Penetrate)
G01 X88.232422 Y65.672852 Z24.000000 F400.000000
G01 X88.604492 Y65.796875 Z24.000000 F400.000000
G01 X88.728516 Y66.044922 Z24.000000 F400.000000
G01 X88.728516 Y66.292969 Z24.000000 F400.000000
G00 Z32.000000
G00 Z32.000000
G00 X86.992188 Y65.300781
G01 Z24.000000 F400.0(Penetrate)
G01 X86.992188 Y66.168945 Z24.000000 F400.000000
G00 Z32.000000
G00 Z32.000000
G00 X86.992188 Y67.037109
G01 Z24.000000 F400.0(Penetrate)
G01 X88.232422 Y67.037109 Z24.000000 F400.000000
G01 X88.604492 Y67.161133 Z24.000000 F400.000000
G01 X88.728516 Y67.409180 Z24.000000 F400.000000
G01 X88.728516 Y67.781250 Z24.000000 F400.000000
G01 X88.604492 Y68.029297 Z24.000000 F400.000000
G01 X88.232422 Y68.401367 Z24.000000 F400.000000
G00 Z32.000000
G00 Z32.000000
G00 X86.992188 Y68.401367
G01 Z24.000000 F400.0(Penetrate)
G01 X88.728516 Y68.401367 Z24.000000 F400.000000
G00 Z32.000000
G00 Z32.000000
G00 X86.124023 Y70.137695
G01 Z24.000000 F400.0(Penetrate)
G01 X86.124023 Y69.889648 Z24.000000 F400.000000
G01 X86.248047 Y69.641602 Z24.000000 F400.000000
G01 X86.620117 Y69.517578 Z24.000000 F400.000000
G01 X88.728516 Y69.517578 Z24.000000 F400.000000
G00 Z32.000000
G00 Z32.000000
G00 X86.992188 Y69.145508
G01 Z24.000000 F400.0(Penetrate)
G01 X86.992188 Y70.013672 Z24.000000 F400.000000
G00 Z32.000000
G00 Z32.000000
G00 X86.124023 Y71.625977
G01 Z24.000000 F400.0(Penetrate)
G01 X86.124023 Y71.377930 Z24.000000 F400.000000
G01 X86.248047 Y71.129883 Z24.000000 F400.000000
G01 X86.620117 Y71.005859 Z24.000000 F400.000000
G01 X88.728516 Y71.005859 Z24.000000 F400.000000
G00 Z32.000000
G00 Z32.000000
G00 X86.992188 Y70.633789
G01 Z24.000000 F400.0(Penetrate)
G01 X86.992188 Y71.501953 Z24.000000 F400.000000
G00 Z32.000000
G00 Z32.000000
G00 X86.992188 Y75.718750
G01 Z24.000000 F400.0(Penetrate)
G01 X88.728516 Y75.718750 Z24.000000 F400.000000
G00 Z32.000000
G00 Z32.000000
G00 X87.364258 Y75.718750
G01 Z24.000000 F400.0(Penetrate)
G01 X87.116211 Y75.470703 Z24.000000 F400.000000
G01 X86.992188 Y75.222656 Z24.000000 F400.000000
G01 X86.992188 Y74.850586 Z24.000000 F400.000000
G01 X87.116211 Y74.602539 Z24.000000 F400.000000
G01 X87.364258 Y74.354492 Z24.000000 F400.000000
G01 X87.736328 Y74.230469 Z24.000000 F400.000000
G01 X87.984375 Y74.230469 Z24.000000 F400.000000
G01 X88.356445 Y74.354492 Z24.000000 F400.000000
G01 X88.604492 Y74.602539 Z24.000000 F400.000000
G01 X88.728516 Y74.850586 Z24.000000 F400.000000
G01 X88.728516 Y75.222656 Z24.000000 F400.000000
G01 X88.604492 Y75.470703 Z24.000000 F400.000000
G01 X88.356445 Y75.718750 Z24.000000 F400.000000
G00 Z32.000000
G00 Z32.000000
G00 X86.124023 Y77.455078
G01 Z24.000000 F400.0(Penetrate)
G01 X86.124023 Y77.207031 Z24.000000 F400.000000
G01 X86.248047 Y76.958984 Z24.000000 F400.000000
G01 X86.620117 Y76.834961 Z24.000000 F400.000000
G01 X88.728516 Y76.834961 Z24.000000 F400.000000
G00 Z32.000000
G00 Z32.000000
G00 X86.992188 Y76.462891
G01 Z24.000000 F400.0(Penetrate)
G01 X86.992188 Y77.331055 Z24.000000 F400.000000
G00 Z32.000000
G00 Z32.000000
G00 X86.124023 Y78.323242
G01 Z24.000000 F400.0(Penetrate)
G01 X88.232422 Y78.323242 Z24.000000 F400.000000
G01 X88.604492 Y78.447266 Z24.000000 F400.000000
G01 X88.728516 Y78.695312 Z24.000000 F400.000000
G01 X88.728516 Y78.943359 Z24.000000 F400.000000
G00 Z32.000000
G00 Z32.000000
G00 X86.992188 Y77.951172
G01 Z24.000000 F400.0(Penetrate)
G01 X86.992188 Y78.819336 Z24.000000 F400.000000
G00 Z32.000000
G00 Z32.000000
G00 X87.736328 Y79.563477
G01 Z24.000000 F400.0(Penetrate)
G01 X87.736328 Y81.051758 Z24.000000 F400.000000
G01 X87.488281 Y81.051758 Z24.000000 F400.000000
G01 X87.240234 Y80.927734 Z24.000000 F400.000000
G01 X87.116211 Y80.803711 Z24.000000 F400.000000
G01 X86.992188 Y80.555664 Z24.000000 F400.000000
G01 X86.992188 Y80.183594 Z24.000000 F400.000000
G01 X87.116211 Y79.935547 Z24.000000 F400.000000
G01 X87.364258 Y79.687500 Z24.000000 F400.000000
G01 X87.736328 Y79.563477 Z24.000000 F400.000000
G01 X87.984375 Y79.563477 Z24.000000 F400.000000
G01 X88.356445 Y79.687500 Z24.000000 F400.000000
G01 X88.604492 Y79.935547 Z24.000000 F400.000000
G01 X88.728516 Y80.183594 Z24.000000 F400.000000
G01 X88.728516 Y80.555664 Z24.000000 F400.000000
G01 X88.604492 Y80.803711 Z24.000000 F400.000000
G01 X88.356445 Y81.051758 Z24.000000 F400.000000
G00 Z32.000000
G00 Z32.000000
G00 X86.992188 Y81.919922
G01 Z24.000000 F400.0(Penetrate)
G01 X88.728516 Y81.919922 Z24.000000 F400.000000
G00 Z32.000000
G00 Z32.000000
G00 X87.736328 Y81.919922
G01 Z24.000000 F400.0(Penetrate)
G01 X87.364258 Y82.043945 Z24.000000 F400.000000
G01 X87.116211 Y82.291992 Z24.000000 F400.000000
G01 X86.992188 Y82.540039 Z24.000000 F400.000000
G01 X86.992188 Y82.912109 Z24.000000 F400.000000
G00 Z32.000000
G00 Z32.000000
G00 X86.992188 Y85.392578
G01 Z24.000000 F400.0(Penetrate)
G01 X88.728516 Y85.888672 Z24.000000 F400.000000
G00 Z32.000000
G00 Z32.000000
G00 X86.992188 Y86.384766
G01 Z24.000000 F400.0(Penetrate)
G01 X88.728516 Y85.888672 Z24.000000 F400.000000
G00 Z32.000000
G00 Z32.000000
G00 X86.992188 Y86.384766
G01 Z24.000000 F400.0(Penetrate)
G01 X88.728516 Y86.880859 Z24.000000 F400.000000
G00 Z32.000000
G00 Z32.000000
G00 X86.992188 Y87.376953
G01 Z24.000000 F400.0(Penetrate)
G01 X88.728516 Y86.880859 Z24.000000 F400.000000
G00 Z32.000000
G00 Z32.000000
G00 X86.992188 Y88.741211
G01 Z24.000000 F400.0(Penetrate)
G01 X87.116211 Y88.493164 Z24.000000 F400.000000
G01 X87.364258 Y88.245117 Z24.000000 F400.000000
G01 X87.736328 Y88.121094 Z24.000000 F400.000000
G01 X87.984375 Y88.121094 Z24.000000 F400.000000
G01 X88.356445 Y88.245117 Z24.000000 F400.000000
G01 X88.604492 Y88.493164 Z24.000000 F400.000000
G01 X88.728516 Y88.741211 Z24.000000 F400.000000
G01 X88.728516 Y89.113281 Z24.000000 F400.000000
G01 X88.604492 Y89.361328 Z24.000000 F400.000000
G01 X88.356445 Y89.609375 Z24.000000 F400.000000
G01 X87.984375 Y89.733398 Z24.000000 F400.000000
G01 X87.736328 Y89.733398 Z24.000000 F400.000000
G01 X87.364258 Y89.609375 Z24.000000 F400.000000
G01 X87.116211 Y89.361328 Z24.000000 F400.000000
G01 X86.992188 Y89.113281 Z24.000000 F400.000000
G01 X86.992188 Y88.741211 Z24.000000 F400.000000
G00 Z32.000000
G00 Z32.000000
G00 X86.992188 Y90.601562
G01 Z24.000000 F400.0(Penetrate)
G01 X88.728516 Y90.601562 Z24.000000 F400.000000
G00 Z32.000000
G00 Z32.000000
G00 X87.736328 Y90.601562
G01 Z24.000000 F400.0(Penetrate)
G01 X87.364258 Y90.725586 Z24.000000 F400.000000
G01 X87.116211 Y90.973633 Z24.000000 F400.000000
G01 X86.992188 Y91.221680 Z24.000000 F400.000000
G01 X86.992188 Y91.593750 Z24.000000 F400.000000
G00 Z32.000000
G00 Z32.000000
G00 X86.124023 Y92.213867
G01 Z24.000000 F400.0(Penetrate)
G01 X88.728516 Y92.213867 Z24.000000 F400.000000
G00 Z32.000000
G00 Z32.000000
G00 X86.992188 Y93.454102
G01 Z24.000000 F400.0(Penetrate)
G01 X88.232422 Y92.213867 Z24.000000 F400.000000
G00 Z32.000000
G00 Z32.000000
G00 X87.736328 Y92.709961
G01 Z24.000000 F400.0(Penetrate)
G01 X88.728516 Y93.578125 Z24.000000 F400.000000
G00 Z32.000000
G00 Z32.000000
G00 X86.124023 Y96.430664
G01 Z24.000000 F400.0(Penetrate)
G01 X88.232422 Y96.430664 Z24.000000 F400.000000
G01 X88.604492 Y96.554688 Z24.000000 F400.000000
G01 X88.728516 Y96.802734 Z24.000000 F400.000000
G01 X88.728516 Y97.050781 Z24.000000 F400.000000
G00 Z32.000000
G00 Z32.000000
G00 X86.992188 Y96.058594
G01 Z24.000000 F400.0(Penetrate)
G01 X86.992188 Y96.926758 Z24.000000 F400.000000
G00 Z32.000000
G00 Z32.000000
G00 X86.124023 Y97.794922
G01 Z24.000000 F400.0(Penetrate)
G01 X88.728516 Y97.794922 Z24.000000 F400.000000
G00 Z32.000000
G00 Z32.000000
G00 X87.488281 Y97.794922
G01 Z24.000000 F400.0(Penetrate)
G01 X87.116211 Y98.166992 Z24.000000 F400.000000
G01 X86.992188 Y98.415039 Z24.000000 F400.000000
G01 X86.992188 Y98.787109 Z24.000000 F400.000000
G01 X87.116211 Y99.035156 Z24.000000 F400.000000
G01 X87.488281 Y99.159180 Z24.000000 F400.000000
G01 X88.728516 Y99.159180 Z24.000000 F400.000000
G00 Z32.000000
G00 Z32.000000
G00 X87.736328 Y100.027344
G01 Z24.000000 F400.0(Penetrate)
G01 X87.736328 Y101.515625 Z24.000000 F400.000000
G01 X87.488281 Y101.515625 Z24.000000 F400.000000
G01 X87.240234 Y101.391602 Z24.000000 F400.000000
G01 X87.116211 Y101.267578 Z24.000000 F400.000000
G01 X86.992188 Y101.019531 Z24.000000 F400.000000
G01 X86.992188 Y100.647461 Z24.000000 F400.000000
G01 X87.116211 Y100.399414 Z24.000000 F400.000000
G01 X87.364258 Y100.151367 Z24.000000 F400.000000
G01 X87.736328 Y100.027344 Z24.000000 F400.000000
G01 X87.984375 Y100.027344 Z24.000000 F400.000000
G01 X88.356445 Y100.151367 Z24.000000 F400.000000
G01 X88.604492 Y100.399414 Z24.000000 F400.000000
G01 X88.728516 Y100.647461 Z24.000000 F400.000000
G01 X88.728516 Y101.019531 Z24.000000 F400.000000
G01 X88.604492 Y101.267578 Z24.000000 F400.000000
G01 X88.356445 Y101.515625 Z24.000000 F400.000000
G00 Z32.000000
G00 Z32.000000
G00 X86.992188 Y104.368164
G01 Z24.000000 F400.0(Penetrate)
G01 X88.728516 Y104.368164 Z24.000000 F400.000000
G00 Z32.000000
G00 Z32.000000
G00 X87.488281 Y104.368164
G01 Z24.000000 F400.0(Penetrate)
G01 X87.116211 Y104.740234 Z24.000000 F400.000000
G01 X86.992188 Y104.988281 Z24.000000 F400.000000
G01 X86.992188 Y105.360352 Z24.000000 F400.000000
G01 X87.116211 Y105.608398 Z24.000000 F400.000000
G01 X87.488281 Y105.732422 Z24.000000 F400.000000
G01 X88.728516 Y105.732422 Z24.000000 F400.000000
G00 Z32.000000
G00 Z32.000000
G00 X87.488281 Y105.732422
G01 Z24.000000 F400.0(Penetrate)
G01 X87.116211 Y106.104492 Z24.000000 F400.000000
G01 X86.992188 Y106.352539 Z24.000000 F400.000000
G01 X86.992188 Y106.724609 Z24.000000 F400.000000
G01 X87.116211 Y106.972656 Z24.000000 F400.000000
G01 X87.488281 Y107.096680 Z24.000000 F400.000000
G01 X88.728516 Y107.096680 Z24.000000 F400.000000
G00 Z32.000000
G00 Z32.000000
G00 X86.992188 Y108.584961
G01 Z24.000000 F400.0(Penetrate)
G01 X87.116211 Y108.336914 Z24.000000 F400.000000
G01 X87.364258 Y108.088867 Z24.000000 F400.000000
G01 X87.736328 Y107.964844 Z24.000000 F400.000000
G01 X87.984375 Y107.964844 Z24.000000 F400.000000
G01 X88.356445 Y108.088867 Z24.000000 F400.000000
G01 X88.604492 Y108.336914 Z24.000000 F400.000000
G01 X88.728516 Y108.584961 Z24.000000 F400.000000
G01 X88.728516 Y108.957031 Z24.000000 F400.000000
G01 X88.604492 Y109.205078 Z24.000000 F400.000000
G01 X88.356445 Y109.453125 Z24.000000 F400.000000
G01 X87.984375 Y109.577148 Z24.000000 F400.000000
G01 X87.736328 Y109.577148 Z24.000000 F400.000000
G01 X87.364258 Y109.453125 Z24.000000 F400.000000
G01 X87.116211 Y109.205078 Z24.000000 F400.000000
G01 X86.992188 Y108.957031 Z24.000000 F400.000000
G01 X86.992188 Y108.584961 Z24.000000 F400.000000
G00 Z32.000000
G00 Z32.000000
G00 X86.124023 Y110.569336
G01 Z24.000000 F400.0(Penetrate)
G01 X88.232422 Y110.569336 Z24.000000 F400.000000
G01 X88.604492 Y110.693359 Z24.000000 F400.000000
G01 X88.728516 Y110.941406 Z24.000000 F400.000000
G01 X88.728516 Y111.189453 Z24.000000 F400.000000
G00 Z32.000000
G00 Z32.000000
G00 X86.992188 Y110.197266
G01 Z24.000000 F400.0(Penetrate)
G01 X86.992188 Y111.065430 Z24.000000 F400.000000
G00 Z32.000000
G00 Z32.000000
G00 X86.124023 Y111.809570
G01 Z24.000000 F400.0(Penetrate)
G01 X86.248047 Y111.933594 Z24.000000 F400.000000
G01 X86.124023 Y112.057617 Z24.000000 F400.000000
G01 X86.000000 Y111.933594 Z24.000000 F400.000000
G01 X86.124023 Y111.809570 Z24.000000 F400.000000
G00 Z32.000000
G00 Z32.000000
G00 X86.992188 Y111.933594
G01 Z24.000000 F400.0(Penetrate)
G01 X88.728516 Y111.933594 Z24.000000 F400.000000
G00 Z32.000000
G00 Z32.000000
G00 X86.992188 Y112.677734
G01 Z24.000000 F400.0(Penetrate)
G01 X88.728516 Y113.421875 Z24.000000 F400.000000
G00 Z32.000000
G00 Z32.000000
G00 X86.992188 Y114.166016
G01 Z24.000000 F400.0(Penetrate)
G01 X88.728516 Y113.421875 Z24.000000 F400.000000
G00 Z32.000000
G00 Z32.000000
G00 X86.992188 Y116.274414
G01 Z24.000000 F400.0(Penetrate)
G01 X88.728516 Y116.274414 Z24.000000 F400.000000
G00 Z32.000000
G00 Z32.000000
G00 X87.364258 Y116.274414
G01 Z24.000000 F400.0(Penetrate)
G01 X87.116211 Y116.026367 Z24.000000 F400.000000
G01 X86.992188 Y115.778320 Z24.000000 F400.000000
G01 X86.992188 Y115.406250 Z24.000000 F400.000000
G01 X87.116211 Y115.158203 Z24.000000 F400.000000
G01 X87.364258 Y114.910156 Z24.000000 F400.000000
G01 X87.736328 Y114.786133 Z24.000000 F400.000000
G01 X87.984375 Y114.786133 Z24.000000 F400.000000
G01 X88.356445 Y114.910156 Z24.000000 F400.000000
G01 X88.604492 Y115.158203 Z24.000000 F400.000000
G01 X88.728516 Y115.406250 Z24.000000 F400.000000
G01 X88.728516 Y115.778320 Z24.000000 F400.000000
G01 X88.604492 Y116.026367 Z24.000000 F400.000000
G01 X88.356445 Y116.274414 Z24.000000 F400.000000
G00 Z32.000000
G00 Z32.000000
G00 X86.124023 Y117.390625
G01 Z24.000000 F400.0(Penetrate)
G01 X88.232422 Y117.390625 Z24.000000 F400.000000
G01 X88.604492 Y117.514648 Z24.000000 F400.000000
G01 X88.728516 Y117.762695 Z24.000000 F400.000000
G01 X88.728516 Y118.010742 Z24.000000 F400.000000
G00 Z32.000000
G00 Z32.000000
G00 X86.992188 Y117.018555
G01 Z24.000000 F400.0(Penetrate)
G01 X86.992188 Y117.886719 Z24.000000 F400.000000
G00 Z32.000000
G00 Z32.000000
G00 X86.124023 Y118.630859
G01 Z24.000000 F400.0(Penetrate)
G01 X86.248047 Y118.754883 Z24.000000 F400.000000
G01 X86.124023 Y118.878906 Z24.000000 F400.000000
G01 X86.000000 Y118.754883 Z24.000000 F400.000000
G01 X86.124023 Y118.630859 Z24.000000 F400.000000
G00 Z32.000000
G00 Z32.000000
G00 X86.992188 Y118.754883
G01 Z24.000000 F400.0(Penetrate)
G01 X88.728516 Y118.754883 Z24.000000 F400.000000
G00 Z32.000000
G00 Z32.000000
G00 X86.992188 Y120.243164
G01 Z24.000000 F400.0(Penetrate)
G01 X87.116211 Y119.995117 Z24.000000 F400.000000
G01 X87.364258 Y119.747070 Z24.000000 F400.000000
G01 X87.736328 Y119.623047 Z24.000000 F400.000000
G01 X87.984375 Y119.623047 Z24.000000 F400.000000
G01 X88.356445 Y119.747070 Z24.000000 F400.000000
G01 X88.604492 Y119.995117 Z24.000000 F400.000000
G01 X88.728516 Y120.243164 Z24.000000 F400.000000
G01 X88.728516 Y120.615234 Z24.000000 F400.000000
G01 X88.604492 Y120.863281 Z24.000000 F400.000000
G01 X88.356445 Y121.111328 Z24.000000 F400.000000
G01 X87.984375 Y121.235352 Z24.000000 F400.000000
G01 X87.736328 Y121.235352 Z24.000000 F400.000000
G01 X87.364258 Y121.111328 Z24.000000 F400.000000
G01 X87.116211 Y120.863281 Z24.000000 F400.000000
G01 X86.992188 Y120.615234 Z24.000000 F400.000000
G01 X86.992188 Y120.243164 Z24.000000 F400.000000
G00 Z32.000000
G00 Z32.000000
G00 X86.992188 Y122.103516
G01 Z24.000000 F400.0(Penetrate)
G01 X88.728516 Y122.103516 Z24.000000 F400.000000
G00 Z32.000000
G00 Z32.000000
G00 X87.488281 Y122.103516
G01 Z24.000000 F400.0(Penetrate)
G01 X87.116211 Y122.475586 Z24.000000 F400.000000
G01 X86.992188 Y122.723633 Z24.000000 F400.000000
G01 X86.992188 Y123.095703 Z24.000000 F400.000000
G01 X87.116211 Y123.343750 Z24.000000 F400.000000
G01 X87.488281 Y123.467773 Z24.000000 F400.000000
G01 X88.728516 Y123.467773 Z24.000000 F400.000000
G00 Z32.000000
G00 Z32.000000
G00 X86.124023 Y126.320312
G01 Z24.000000 F400.0(Penetrate)
G01 X86.248047 Y126.444336 Z24.000000 F400.000000
G01 X86.124023 Y126.568359 Z24.000000 F400.000000
G01 X86.000000 Y126.444336 Z24.000000 F400.000000
G01 X86.124023 Y126.320312 Z24.000000 F400.000000
G00 Z32.000000
G00 Z32.000000
G00 X86.992188 Y126.444336
G01 Z24.000000 F400.0(Penetrate)
G01 X88.728516 Y126.444336 Z24.000000 F400.000000
G00 Z32.000000
G00 Z32.000000
G00 X87.364258 Y128.676758
G01 Z24.000000 F400.0(Penetrate)
G01 X87.116211 Y128.552734 Z24.000000 F400.000000
G01 X86.992188 Y128.180664 Z24.000000 F400.000000
G01 X86.992188 Y127.808594 Z24.000000 F400.000000
G01 X87.116211 Y127.436523 Z24.000000 F400.000000
G01 X87.364258 Y127.312500 Z24.000000 F400.000000
G01 X87.612305 Y127.436523 Z24.000000 F400.000000
G01 X87.736328 Y127.684570 Z24.000000 F400.000000
G01 X87.860352 Y128.304688 Z24.000000 F400.000000
G01 X87.984375 Y128.552734 Z24.000000 F400.000000
G01 X88.232422 Y128.676758 Z24.000000 F400.000000
G01 X88.356445 Y128.676758 Z24.000000 F400.000000
G01 X88.604492 Y128.552734 Z24.000000 F400.000000
G01 X88.728516 Y128.180664 Z24.000000 F400.000000
G01 X88.728516 Y127.808594 Z24.000000 F400.000000
G01 X88.604492 Y127.436523 Z24.000000 F400.000000
G01 X88.356445 Y127.312500 Z24.000000 F400.000000
G00 Z32.000000
G00 Z32.000000
G00 X80.124023 Y40.248047
G01 Z24.000000 F400.0(Penetrate)
G01 X82.728516 Y40.248047 Z24.000000 F400.000000
G00 Z32.000000
G00 Z32.000000
G00 X81.364258 Y44.588867
G01 Z24.000000 F400.0(Penetrate)
G01 X81.116211 Y44.340820 Z24.000000 F400.000000
G01 X80.992188 Y44.092773 Z24.000000 F400.000000
G01 X80.992188 Y43.720703 Z24.000000 F400.000000
G01 X81.116211 Y43.472656 Z24.000000 F400.000000
G01 X81.364258 Y43.224609 Z24.000000 F400.000000
G01 X81.736328 Y43.100586 Z24.000000 F400.000000
G01 X81.984375 Y43.100586 Z24.000000 F400.000000
G01 X82.356445 Y43.224609 Z24.000000 F400.000000
G01 X82.604492 Y43.472656 Z24.000000 F400.000000
G01 X82.728516 Y43.720703 Z24.000000 F400.000000
G01 X82.728516 Y44.092773 Z24.000000 F400.000000
G01 X82.604492 Y44.340820 Z24.000000 F400.000000
G01 X82.356445 Y44.588867 Z24.000000 F400.000000
G00 Z32.000000
G00 Z32.000000
G00 X80.992188 Y46.821289
G01 Z24.000000 F400.0(Penetrate)
G01 X82.728516 Y46.821289 Z24.000000 F400.000000
G00 Z32.000000
G00 Z32.000000
G00 X81.364258 Y46.821289
G01 Z24.000000 F400.0(Penetrate)
G01 X81.116211 Y46.573242 Z24.000000 F400.000000
G01 X80.992188 Y46.325195 Z24.000000 F400.000000
G01 X80.992188 Y45.953125 Z24.000000 F400.000000
G01 X81.116211 Y45.705078 Z24.000000 F400.000000
G01 X81.364258 Y45.457031 Z24.000000 F400.000000
G01 X81.736328 Y45.333008 Z24.000000 F400.000000
G01 X81.984375 Y45.333008 Z24.000000 F400.000000
G01 X82.356445 Y45.457031 Z24.000000 F400.000000
G01 X82.604492 Y45.705078 Z24.000000 F400.000000
G01 X82.728516 Y45.953125 Z24.000000 F400.000000
G01 X82.728516 Y46.325195 Z24.000000 F400.000000
G01 X82.604492 Y46.573242 Z24.000000 F400.000000
G01 X82.356445 Y46.821289 Z24.000000 F400.000000
G00 Z32.000000
G00 Z32.000000
G00 X80.992188 Y47.813477
G01 Z24.000000 F400.0(Penetrate)
G01 X82.728516 Y47.813477 Z24.000000 F400.000000
G00 Z32.000000
G00 Z32.000000
G00 X81.488281 Y47.813477
G01 Z24.000000 F400.0(Penetrate)
G01 X81.116211 Y48.185547 Z24.000000 F400.000000
G01 X80.992188 Y48.433594 Z24.000000 F400.000000
G01 X80.992188 Y48.805664 Z24.000000 F400.000000
G01 X81.116211 Y49.053711 Z24.000000 F400.000000
G01 X81.488281 Y49.177734 Z24.000000 F400.000000
G01 X82.728516 Y49.177734 Z24.000000 F400.000000
G00 Z32.000000
G00 Z32.000000
G00 X80.124023 Y50.293945
G01 Z24.000000 F400.0(Penetrate)
G01 X82.232422 Y50.293945 Z24.000000 F400.000000
G01 X82.604492 Y50.417969 Z24.000000 F400.000000
G01 X82.728516 Y50.666016 Z24.000000 F400.000000
G01 X82.728516 Y50.914062 Z24.000000 F400.000000
G00 Z32.000000
G00 Z32.000000
G00 X80.992188 Y49.921875
G01 Z24.000000 F400.0(Penetrate)
G01 X80.992188 Y50.790039 Z24.000000 F400.000000
G00 Z32.000000
G00 Z32.000000
G00 X80.124023 Y53.642578
G01 Z24.000000 F400.0(Penetrate)
G01 X82.728516 Y53.642578 Z24.000000 F400.000000
G00 Z32.000000
G00 Z32.000000
G00 X81.364258 Y53.642578
G01 Z24.000000 F400.0(Penetrate)
G01 X81.116211 Y53.890625 Z24.000000 F400.000000
G01 X80.992188 Y54.138672 Z24.000000 F400.000000
G01 X80.992188 Y54.510742 Z24.000000 F400.000000
G01 X81.116211 Y54.758789 Z24.000000 F400.000000
G01 X81.364258 Y55.006836 Z24.000000 F400.000000
G01 X81.736328 Y55.130859 Z24.000000 F400.000000
G01 X81.984375 Y55.130859 Z24.000000 F400.000000
G01 X82.356445 Y55.006836 Z24.000000 F400.000000
G01 X82.604492 Y54.758789 Z24.000000 F400.000000
G01 X82.728516 Y54.510742 Z24.000000 F400.000000
G01 X82.728516 Y54.138672 Z24.000000 F400.000000
G01 X82.604492 Y53.890625 Z24.000000 F400.000000
G01 X82.356445 Y53.642578 Z24.000000 F400.000000
G00 Z32.000000
G00 Z32.000000
G00 X81.736328 Y55.875000
G01 Z24.000000 F400.0(Penetrate)
G01 X81.736328 Y57.363281 Z24.000000 F400.000000
G01 X81.488281 Y57.363281 Z24.000000 F400.000000
G01 X81.240234 Y57.239258 Z24.000000 F400.000000
G01 X81.116211 Y57.115234 Z24.000000 F400.000000
G01 X80.992188 Y56.867188 Z24.000000 F400.000000
G01 X80.992188 Y56.495117 Z24.000000 F400.000000
G01 X81.116211 Y56.247070 Z24.000000 F400.000000
G01 X81.364258 Y55.999023 Z24.000000 F400.000000
G01 X81.736328 Y55.875000 Z24.000000 F400.000000
G01 X81.984375 Y55.875000 Z24.000000 F400.000000
G01 X82.356445 Y55.999023 Z24.000000 F400.000000
G01 X82.604492 Y56.247070 Z24.000000 F400.000000
G01 X82.728516 Y56.495117 Z24.000000 F400.000000
G01 X82.728516 Y56.867188 Z24.000000 F400.000000
G01 X82.604492 Y57.115234 Z24.000000 F400.000000
G01 X82.356445 Y57.363281 Z24.000000 F400.000000
G00 Z32.000000
G00 Z32.000000
G00 X80.124023 Y58.231445
G01 Z24.000000 F400.0(Penetrate)
G01 X82.728516 Y58.231445 Z24.000000 F400.000000
G00 Z32.000000
G00 Z32.000000
G00 X80.124023 Y59.099609
G01 Z24.000000 F400.0(Penetrate)
G01 X80.248047 Y59.223633 Z24.000000 F400.000000
G01 X80.124023 Y59.347656 Z24.000000 F400.000000
G01 X80.000000 Y59.223633 Z24.000000 F400.000000
G01 X80.124023 Y59.099609 Z24.000000 F400.000000
G00 Z32.000000
G00 Z32.000000
G00 X80.992188 Y59.223633
G01 Z24.000000 F400.0(Penetrate)
G01 X82.728516 Y59.223633 Z24.000000 F400.000000
G00 Z32.000000
G00 Z32.000000
G00 X81.736328 Y60.091797
G01 Z24.000000 F400.0(Penetrate)
G01 X81.736328 Y61.580078 Z24.000000 F400.000000
G01 X81.488281 Y61.580078 Z24.000000 F400.000000
G01 X81.240234 Y61.456055 Z24.000000 F400.000000
G01 X81.116211 Y61.332031 Z24.000000 F400.000000
G01 X80.992188 Y61.083984 Z24.000000 F400.000000
G01 X80.992188 Y60.711914 Z24.000000 F400.000000
G01 X81.116211 Y60.463867 Z24.000000 F400.000000
G01 X81.364258 Y60.215820 Z24.000000 F400.000000
G01 X81.736328 Y60.091797 Z24.000000 F400.000000
G01 X81.984375 Y60.091797 Z24.000000 F400.000000
G01 X82.356445 Y60.215820 Z24.000000 F400.000000
G01 X82.604492 Y60.463867 Z24.000000 F400.000000
G01 X82.728516 Y60.711914 Z24.000000 F400.000000
G01 X82.728516 Y61.083984 Z24.000000 F400.000000
G01 X82.604492 Y61.332031 Z24.000000 F400.000000
G01 X82.356445 Y61.580078 Z24.000000 F400.000000
G00 Z32.000000
G00 Z32.000000
G00 X80.992188 Y62.200195
G01 Z24.000000 F400.0(Penetrate)
G01 X82.728516 Y62.944336 Z24.000000 F400.000000
G00 Z32.000000
G00 Z32.000000
G00 X80.992188 Y63.688477
G01 Z24.000000 F400.0(Penetrate)
G01 X82.728516 Y62.944336 Z24.000000 F400.000000
G00 Z32.000000
G00 Z32.000000
G00 X81.736328 Y64.308594
G01 Z24.000000 F400.0(Penetrate)
G01 X81.736328 Y65.796875 Z24.000000 F400.000000
G01 X81.488281 Y65.796875 Z24.000000 F400.000000
G01 X81.240234 Y65.672852 Z24.000000 F400.000000
G01 X81.116211 Y65.548828 Z24.000000 F400.000000
G01 X80.992188 Y65.300781 Z24.000000 F400.000000
G01 X80.992188 Y64.928711 Z24.000000 F400.000000
G01 X81.116211 Y64.680664 Z24.000000 F400.000000
G01 X81.364258 Y64.432617 Z24.000000 F400.000000
G01 X81.736328 Y64.308594 Z24.000000 F400.000000
G01 X81.984375 Y64.308594 Z24.000000 F400.000000
G01 X82.356445 Y64.432617 Z24.000000 F400.000000
G01 X82.604492 Y64.680664 Z24.000000 F400.000000
G01 X82.728516 Y64.928711 Z24.000000 F400.000000
G01 X82.728516 Y65.300781 Z24.000000 F400.000000
G01 X82.604492 Y65.548828 Z24.000000 F400.000000
G01 X82.356445 Y65.796875 Z24.000000 F400.000000
G00 Z32.000000
G00 Z32.000000
G00 X80.992188 Y68.649414
G01 Z24.000000 F400.0(Penetrate)
G01 X82.728516 Y68.649414 Z24.000000 F400.000000
G00 Z32.000000
G00 Z32.000000
G00 X81.488281 Y68.649414
G01 Z24.000000 F400.0(Penetrate)
G01 X81.116211 Y69.021484 Z24.000000 F400.000000
G01 X80.992188 Y69.269531 Z24.000000 F400.000000
G01 X80.992188 Y69.641602 Z24.000000 F400.000000
G01 X81.116211 Y69.889648 Z24.000000 F400.000000
G01 X81.488281 Y70.013672 Z24.000000 F400.000000
G01 X82.728516 Y70.013672 Z24.000000 F400.000000
G00 Z32.000000
G00 Z32.000000
G00 X81.488281 Y70.013672
G01 Z24.000000 F400.0(Penetrate)
G01 X81.116211 Y70.385742 Z24.000000 F400.000000
G01 X80.992188 Y70.633789 Z24.000000 F400.000000
G01 X80.992188 Y71.005859 Z24.000000 F400.000000
G01 X81.116211 Y71.253906 Z24.000000 F400.000000
G01 X81.488281 Y71.377930 Z24.000000 F400.000000
G01 X82.728516 Y71.377930 Z24.000000 F400.000000
G00 Z32.000000
G00 Z32.000000
G00 X80.992188 Y72.122070
G01 Z24.000000 F400.0(Penetrate)
G01 X82.728516 Y72.866211 Z24.000000 F400.000000
G00 Z32.000000
G00 Z32.000000
G00 X80.992188 Y73.610352
G01 Z24.000000 F400.0(Penetrate)
G01 X82.728516 Y72.866211 Z24.000000 F400.000000
G01 X83.224609 Y72.618164 Z24.000000 F400.000000
G01 X83.472656 Y72.370117 Z24.000000 F400.000000
G01 X83.596680 Y72.122070 Z24.000000 F400.000000
G01 X83.596680 Y71.998047 Z24.000000 F400.000000
G00 Z32.000000
G00 Z32.000000
G00 X80.124023 Y76.338867
G01 Z24.000000 F400.0(Penetrate)
G01 X82.728516 Y76.338867 Z24.000000 F400.000000
G00 Z32.000000
G00 Z32.000000
G00 X80.992188 Y78.695312
G01 Z24.000000 F400.0(Penetrate)
G01 X82.728516 Y78.695312 Z24.000000 F400.000000
G00 Z32.000000
G00 Z32.000000
G00 X81.364258 Y78.695312
G01 Z24.000000 F400.0(Penetrate)
G01 X81.116211 Y78.447266 Z24.000000 F400.000000
G01 X80.992188 Y78.199219 Z24.000000 F400.000000
G01 X80.992188 Y77.827148 Z24.000000 F400.000000
G01 X81.116211 Y77.579102 Z24.000000 F400.000000
G01 X81.364258 Y77.331055 Z24.000000 F400.000000
G01 X81.736328 Y77.207031 Z24.000000 F400.000000
G01 X81.984375 Y77.207031 Z24.000000 F400.000000
G01 X82.356445 Y77.331055 Z24.000000 F400.000000
G01 X82.604492 Y77.579102 Z24.000000 F400.000000
G01 X82.728516 Y77.827148 Z24.000000 F400.000000
G01 X82.728516 Y78.199219 Z24.000000 F400.000000
G01 X82.604492 Y78.447266 Z24.000000 F400.000000
G01 X82.356445 Y78.695312 Z24.000000 F400.000000
G00 Z32.000000
G00 Z32.000000
G00 X80.992188 Y79.687500
G01 Z24.000000 F400.0(Penetrate)
G01 X83.596680 Y79.687500 Z24.000000 F400.000000
G00 Z32.000000
G00 Z32.000000
G00 X81.364258 Y79.687500
G01 Z24.000000 F400.0(Penetrate)
G01 X81.116211 Y79.935547 Z24.000000 F400.000000
G01 X80.992188 Y80.183594 Z24.000000 F400.000000
G01 X80.992188 Y80.555664 Z24.000000 F400.000000
G01 X81.116211 Y80.803711 Z24.000000 F400.000000
G01 X81.364258 Y81.051758 Z24.000000 F400.000000
G01 X81.736328 Y81.175781 Z24.000000 F400.000000
G01 X81.984375 Y81.175781 Z24.000000 F400.000000
G01 X82.356445 Y81.051758 Z24.000000 F400.000000
G01 X82.604492 Y80.803711 Z24.000000 F400.000000
G01 X82.728516 Y80.555664 Z24.000000 F400.000000
G01 X82.728516 Y80.183594 Z24.000000 F400.000000
G01 X82.604492 Y79.935547 Z24.000000 F400.000000
G01 X82.356445 Y79.687500 Z24.000000 F400.000000
G00 Z32.000000
G00 Z32.000000
G00 X80.124023 Y82.167969
G01 Z24.000000 F400.0(Penetrate)
G01 X82.232422 Y82.167969 Z24.000000 F400.000000
G01 X82.604492 Y82.291992 Z24.000000 F400.000000
G01 X82.728516 Y82.540039 Z24.000000 F400.000000
G01 X82.728516 Y82.788086 Z24.000000 F400.000000
G00 Z32.000000
G00 Z32.000000
G00 X80.992188 Y81.795898
G01 Z24.000000 F400.0(Penetrate)
G01 X80.992188 Y82.664062 Z24.000000 F400.000000
G00 Z32.000000
G00 Z32.000000
G00 X80.992188 Y84.028320
G01 Z24.000000 F400.0(Penetrate)
G01 X81.116211 Y83.780273 Z24.000000 F400.000000
G01 X81.364258 Y83.532227 Z24.000000 F400.000000
G01 X81.736328 Y83.408203 Z24.000000 F400.000000
G01 X81.984375 Y83.408203 Z24.000000 F400.000000
G01 X82.356445 Y83.532227 Z24.000000 F400.000000
G01 X82.604492 Y83.780273 Z24.000000 F400.000000
G01 X82.728516 Y84.028320 Z24.000000 F400.000000
G01 X82.728516 Y84.400391 Z24.000000 F400.000000
G01 X82.604492 Y84.648438 Z24.000000 F400.000000
G01 X82.356445 Y84.896484 Z24.000000 F400.000000
G01 X81.984375 Y85.020508 Z24.000000 F400.000000
G01 X81.736328 Y85.020508 Z24.000000 F400.000000
G01 X81.364258 Y84.896484 Z24.000000 F400.000000
G01 X81.116211 Y84.648438 Z24.000000 F400.000000
G01 X80.992188 Y84.400391 Z24.000000 F400.000000
G01 X80.992188 Y84.028320 Z24.000000 F400.000000
G00 Z32.000000
G00 Z32.000000
G00 X80.992188 Y85.888672
G01 Z24.000000 F400.0(Penetrate)
G01 X83.596680 Y85.888672 Z24.000000 F400.000000
G00 Z32.000000
G00 Z32.000000
G00 X81.364258 Y85.888672
G01 Z24.000000 F400.0(Penetrate)
G01 X81.116211 Y86.136719 Z24.000000 F400.000000
G01 X80.992188 Y86.384766 Z24.000000 F400.000000
G01 X80.992188 Y86.756836 Z24.000000 F400.000000
G01 X81.116211 Y87.004883 Z24.000000 F400.000000
G01 X81.364258 Y87.252930 Z24.000000 F400.000000
G01 X81.736328 Y87.376953 Z24.000000 F400.000000
G01 X81.984375 Y87.376953 Z24.000000 F400.000000
G01 X82.356445 Y87.252930 Z24.000000 F400.000000
G01 X82.604492 Y87.004883 Z24.000000 F400.000000
G01 X82.728516 Y86.756836 Z24.000000 F400.000000
G01 X82.728516 Y86.384766 Z24.000000 F400.000000
G01 X82.604492 Y86.136719 Z24.000000 F400.000000
G01 X82.356445 Y85.888672 Z24.000000 F400.000000
G00 Z32.000000
G00 Z32.000000
G00 X80.124023 Y90.105469
G01 Z24.000000 F400.0(Penetrate)
G01 X80.248047 Y90.229492 Z24.000000 F400.000000
G01 X80.124023 Y90.353516 Z24.000000 F400.000000
G01 X80.000000 Y90.229492 Z24.000000 F400.000000
G01 X80.124023 Y90.105469 Z24.000000 F400.000000
G00 Z32.000000
G00 Z32.000000
G00 X80.992188 Y90.229492
G01 Z24.000000 F400.0(Penetrate)
G01 X82.728516 Y90.229492 Z24.000000 F400.000000
G00 Z32.000000
G00 Z32.000000
G00 X81.364258 Y92.461914
G01 Z24.000000 F400.0(Penetrate)
G01 X81.116211 Y92.337891 Z24.000000 F400.000000
G01 X80.992188 Y91.965820 Z24.000000 F400.000000
G01 X80.992188 Y91.593750 Z24.000000 F400.000000
G01 X81.116211 Y91.221680 Z24.000000 F400.000000
G01 X81.364258 Y91.097656 Z24.000000 F400.000000
G01 X81.612305 Y91.221680 Z24.000000 F400.000000
G01 X81.736328 Y91.469727 Z24.000000 F400.000000
G01 X81.860352 Y92.089844 Z24.000000 F400.000000
G01 X81.984375 Y92.337891 Z24.000000 F400.000000
G01 X82.232422 Y92.461914 Z24.000000 F400.000000
G01 X82.356445 Y92.461914 Z24.000000 F400.000000
G01 X82.604492 Y92.337891 Z24.000000 F400.000000
G01 X82.728516 Y91.965820 Z24.000000 F400.000000
G01 X82.728516 Y91.593750 Z24.000000 F400.000000
G01 X82.604492 Y91.221680 Z24.000000 F400.000000
G01 X82.356445 Y91.097656 Z24.000000 F400.000000
G00 Z32.000000
G00 Z32.000000
G00 X80.992188 Y93.330078
G01 Z24.000000 F400.0(Penetrate)
G01 X82.728516 Y93.330078 Z24.000000 F400.000000
G00 Z32.000000
G00 Z32.000000
G00 X81.488281 Y93.330078
G01 Z24.000000 F400.0(Penetrate)
G01 X81.116211 Y93.702148 Z24.000000 F400.000000
G01 X80.992188 Y93.950195 Z24.000000 F400.000000
G01 X80.992188 Y94.322266 Z24.000000 F400.000000
G01 X81.116211 Y94.570312 Z24.000000 F400.000000
G01 X81.488281 Y94.694336 Z24.000000 F400.000000
G01 X82.728516 Y94.694336 Z24.000000 F400.000000
G00 Z32.000000
G00 Z32.000000
G00 X80.124023 Y95.810547
G01 Z24.000000 F400.0(Penetrate)
G01 X82.232422 Y95.810547 Z24.000000 F400.000000
G01 X82.604492 Y95.934570 Z24.000000 F400.000000
G01 X82.728516 Y96.182617 Z24.000000 F400.000000
G01 X82.728516 Y96.430664 Z24.000000 F400.000000
G00 Z32.000000
G00 Z32.000000
G00 X80.992188 Y95.438477
G01 Z24.000000 F400.0(Penetrate)
G01 X80.992188 Y96.306641 Z24.000000 F400.000000
G00 Z32.000000
G00 Z32.000000
G00 X80.992188 Y99.035156
G01 Z24.000000 F400.0(Penetrate)
G01 X82.728516 Y99.531250 Z24.000000 F400.000000
G00 Z32.000000
G00 Z32.000000
G00 X80.992188 Y100.027344
G01 Z24.000000 F400.0(Penetrate)
G01 X82.728516 Y99.531250 Z24.000000 F400.000000
G00 Z32.000000
G00 Z32.000000
G00 X80.992188 Y100.027344
G01 Z24.000000 F400.0(Penetrate)
G01 X82.728516 Y100.523438 Z24.000000 F400.000000
G00 Z32.000000
G00 Z32.000000
G00 X80.992188 Y101.019531
G01 Z24.000000 F400.0(Penetrate)
G01 X82.728516 Y100.523438 Z24.000000 F400.000000
G00 Z32.000000
G00 Z32.000000
G00 X80.992188 Y102.383789
G01 Z24.000000 F400.0(Penetrate)
G01 X81.116211 Y102.135742 Z24.000000 F400.000000
G01 X81.364258 Y101.887695 Z24.000000 F400.000000
G01 X81.736328 Y101.763672 Z24.000000 F400.000000
G01 X81.984375 Y101.763672 Z24.000000 F400.000000
G01 X82.356445 Y101.887695 Z24.000000 F400.000000
G01 X82.604492 Y102.135742 Z24.000000 F400.000000
G01 X82.728516 Y102.383789 Z24.000000 F400.000000
G01 X82.728516 Y102.755859 Z24.000000 F400.000000
G01 X82.604492 Y103.003906 Z24.000000 F400.000000
G01 X82.356445 Y103.251953 Z24.000000 F400.000000
G01 X81.984375 Y103.375977 Z24.000000 F400.000000
G01 X81.736328 Y103.375977 Z24.000000 F400.000000
G01 X81.364258 Y103.251953 Z24.000000 F400.000000
G01 X81.116211 Y103.003906 Z24.000000 F400.000000
G01 X80.992188 Y102.755859 Z24.000000 F400.000000
G01 X80.992188 Y102.383789 Z24.000000 F400.000000
G00 Z32.000000
G00 Z32.000000
G00 X80.992188 Y104.244141
G01 Z24.000000 F400.0(Penetrate)
G01 X82.728516 Y104.244141 Z24.000000 F400.000000
G00 Z32.000000
G00 Z32.000000
G00 X81.736328 Y104.244141
G01 Z24.000000 F400.0(Penetrate)
G01 X81.364258 Y104.368164 Z24.000000 F400.000000
G01 X81.116211 Y104.616211 Z24.000000 F400.000000
G01 X80.992188 Y104.864258 Z24.000000 F400.000000
G01 X80.992188 Y105.236328 Z24.000000 F400.000000
G00 Z32.000000
G00 Z32.000000
G00 X80.124023 Y105.856445
G01 Z24.000000 F400.0(Penetrate)
G01 X82.728516 Y105.856445 Z24.000000 F400.000000
G00 Z32.000000
G00 Z32.000000
G00 X80.992188 Y107.096680
G01 Z24.000000 F400.0(Penetrate)
G01 X82.232422 Y105.856445 Z24.000000 F400.000000
G00 Z32.000000
G00 Z32.000000
G00 X81.736328 Y106.352539
G01 Z24.000000 F400.0(Penetrate)
G01 X82.728516 Y107.220703 Z24.000000 F400.000000
G00 Z32.000000
G00 Z32.000000
G00 X80.124023 Y107.840820
G01 Z24.000000 F400.0(Penetrate)
G01 X80.248047 Y107.964844 Z24.000000 F400.000000
G01 X80.124023 Y108.088867 Z24.000000 F400.000000
G01 X80.000000 Y107.964844 Z24.000000 F400.000000
G01 X80.124023 Y107.840820 Z24.000000 F400.000000
G00 Z32.000000
G00 Z32.000000
G00 X80.992188 Y107.964844
G01 Z24.000000 F400.0(Penetrate)
G01 X82.728516 Y107.964844 Z24.000000 F400.000000
G00 Z32.000000
G00 Z32.000000
G00 X80.992188 Y108.957031
G01 Z24.000000 F400.0(Penetrate)
G01 X82.728516 Y108.957031 Z24.000000 F400.000000
G00 Z32.000000
G00 Z32.000000
G00 X81.488281 Y108.957031
G01 Z24.000000 F400.0(Penetrate)
G01 X81.116211 Y109.329102 Z24.000000 F400.000000
G01 X80.992188 Y109.577148 Z24.000000 F400.000000
G01 X80.992188 Y109.949219 Z24.000000 F400.000000
G01 X81.116211 Y110.197266 Z24.000000 F400.000000
G01 X81.488281 Y110.321289 Z24.000000 F400.000000
G01 X82.728516 Y110.321289 Z24.000000 F400.000000
G00 Z32.000000
G00 Z32.000000
G00 X80.992188 Y112.677734
G01 Z24.000000 F400.0(Penetrate)
G01 X82.976562 Y112.677734 Z24.000000 F400.000000
G01 X83.348633 Y112.553711 Z24.000000 F400.000000
G01 X83.472656 Y112.429687 Z24.000000 F400.000000
G01 X83.596680 Y112.181641 Z24.000000 F400.000000
G01 X83.596680 Y111.809570 Z24.000000 F400.000000
G01 X83.472656 Y111.561523 Z24.000000 F400.000000
G00 Z32.000000
G00 Z32.000000
G00 X81.364258 Y112.677734
G01 Z24.000000 F400.0(Penetrate)
G01 X81.116211 Y112.429687 Z24.000000 F400.000000
G01 X80.992188 Y112.181641 Z24.000000 F400.000000
G01 X80.992188 Y111.809570 Z24.000000 F400.000000
G01 X81.116211 Y111.561523 Z24.000000 F400.000000
G01 X81.364258 Y111.313477 Z24.000000 F400.000000
G01 X81.736328 Y111.189453 Z24.000000 F400.000000
G01 X81.984375 Y111.189453 Z24.000000 F400.000000
G01 X82.356445 Y111.313477 Z24.000000 F400.000000
G01 X82.604492 Y111.561523 Z24.000000 F400.000000
G01 X82.728516 Y111.809570 Z24.000000 F400.000000
G01 X82.728516 Y112.181641 Z24.000000 F400.000000
G01 X82.604492 Y112.429687 Z24.000000 F400.000000
G01 X82.356445 Y112.677734 Z24.000000 F400.000000
G00 Z32.000000
G00 Z32.000000
G00 X82.232422 Y113.793945
G01 Z24.000000 F400.0(Penetrate)
G01 X82.356445 Y113.669922 Z24.000000 F400.000000
G01 X82.232422 Y113.545898 Z24.000000 F400.000000
G01 X82.108398 Y113.669922 Z24.000000 F400.000000
G01 X82.232422 Y113.793945 Z24.000000 F400.000000
G01 X82.480469 Y113.793945 Z24.000000 F400.000000
G01 X82.728516 Y113.545898 Z24.000000 F400.000000
G00 Z32.000000
G00 Z32.000000
G00 X80.124023 Y116.646484
G01 Z24.000000 F400.0(Penetrate)
G01 X82.728516 Y116.646484 Z24.000000 F400.000000
G00 Z32.000000
G00 Z32.000000
G00 X80.124023 Y117.762695
G01 Z24.000000 F400.0(Penetrate)
G01 X82.232422 Y117.762695 Z24.000000 F400.000000
G01 X82.604492 Y117.886719 Z24.000000 F400.000000
G01 X82.728516 Y118.134766 Z24.000000 F400.000000
G01 X82.728516 Y118.382812 Z24.000000 F400.000000
G00 Z32.000000
G00 Z32.000000
G00 X80.992188 Y117.390625
G01 Z24.000000 F400.0(Penetrate)
G01 X80.992188 Y118.258789 Z24.000000 F400.000000
G00 Z32.000000
G00 Z32.000000
G00 X81.364258 Y120.367188
G01 Z24.000000 F400.0(Penetrate)
G01 X81.116211 Y120.243164 Z24.000000 F400.000000
G01 X80.992188 Y119.871094 Z24.000000 F400.000000
G01 X80.992188 Y119.499023 Z24.000000 F400.000000
G01 X81.116211 Y119.126953 Z24.000000 F400.000000
G01 X81.364258 Y119.002930 Z24.000000 F400.000000
G01 X81.612305 Y119.126953 Z24.000000 F400.000000
G01 X81.736328 Y119.375000 Z24.000000 F400.000000
G01 X81.860352 Y119.995117 Z24.000000 F400.000000
G01 X81.984375 Y120.243164 Z24.000000 F400.000000
G01 X82.232422 Y120.367188 Z24.000000 F400.000000
G01 X82.356445 Y120.367188 Z24.000000 F400.000000
G01 X82.604492 Y120.243164 Z24.000000 F400.000000
G01 X82.728516 Y119.871094 Z24.000000 F400.000000
G01 X82.728516 Y119.499023 Z24.000000 F400.000000
G01 X82.604492 Y119.126953 Z24.000000 F400.000000
G01 X82.356445 Y119.002930 Z24.000000 F400.000000
G00 Z32.000000
G00 Z32.000000
G00 X80.992188 Y122.971680
G01 Z24.000000 F400.0(Penetrate)
G01 X82.728516 Y123.715820 Z24.000000 F400.000000
G00 Z32.000000
G00 Z32.000000
G00 X80.992188 Y124.459961
G01 Z24.000000 F400.0(Penetrate)
G01 X82.728516 Y123.715820 Z24.000000 F400.000000
G00 Z32.000000
G00 Z32.000000
G00 X81.736328 Y125.080078
G01 Z24.000000 F400.0(Penetrate)
G01 X81.736328 Y126.568359 Z24.000000 F400.000000
G01 X81.488281 Y126.568359 Z24.000000 F400.000000
G01 X81.240234 Y126.444336 Z24.000000 F400.000000
G01 X81.116211 Y126.320312 Z24.000000 F400.000000
G01 X80.992188 Y126.072266 Z24.000000 F400.000000
G01 X80.992188 Y125.700195 Z24.000000 F400.000000
G01 X81.116211 Y125.452148 Z24.000000 F400.000000
G01 X81.364258 Y125.204102 Z24.000000 F400.000000
G01 X81.736328 Y125.080078 Z24.000000 F400.000000
G01 X81.984375 Y125.080078 Z24.000000 F400.000000
G01 X82.356445 Y125.204102 Z24.000000 F400.000000
G01 X82.604492 Y125.452148 Z24.000000 F400.000000
G01 X82.728516 Y125.700195 Z24.000000 F400.000000
G01 X82.728516 Y126.072266 Z24.000000 F400.000000
G01 X82.604492 Y126.320312 Z24.000000 F400.000000
G01 X82.356445 Y126.568359 Z24.000000 F400.000000
G00 Z32.000000
G00 Z32.000000
G00 X80.992188 Y127.436523
G01 Z24.000000 F400.0(Penetrate)
G01 X82.728516 Y127.436523 Z24.000000 F400.000000
G00 Z32.000000
G00 Z32.000000
G00 X81.736328 Y127.436523
G01 Z24.000000 F400.0(Penetrate)
G01 X81.364258 Y127.560547 Z24.000000 F400.000000
G01 X81.116211 Y127.808594 Z24.000000 F400.000000
G01 X80.992188 Y128.056641 Z24.000000 F400.000000
G01 X80.992188 Y128.428711 Z24.000000 F400.000000
G00 Z32.000000
G00 Z32.000000
G00 X80.992188 Y128.800781
G01 Z24.000000 F400.0(Penetrate)
G01 X82.728516 Y129.544922 Z24.000000 F400.000000
G00 Z32.000000
G00 Z32.000000
G00 X80.992188 Y130.289062
G01 Z24.000000 F400.0(Penetrate)
G01 X82.728516 Y129.544922 Z24.000000 F400.000000
G01 X83.224609 Y129.296875 Z24.000000 F400.000000
G01 X83.472656 Y129.048828 Z24.000000 F400.000000
G01 X83.596680 Y128.800781 Z24.000000 F400.000000
G01 X83.596680 Y128.676758 Z24.000000 F400.000000
G00 Z32.000000
(End cutting path id: 1)

(Footer)
M5
G00 X0.0000 Y0.0000
M2
G28
(Using default footer. To add your own footer create file "footer" in the output dir.)
(end)
%
